日期,AQI,范围,质量等级,PM2.5,PM10,SO2,CO,NO2,O3,排名,最高气温,最低气温,天气,Wind_dir,风力
2013/12/2,119,106~130,轻度污染,108.8,138.4,60.9,2.552,88.3,16,43,13,-1,多云转晴,西南风,小于3级
2013/12/3,115,85~132,轻度污染,63.8,86.2,38.5,1.558,53.7,58,36,12,-1,晴转多云,西北风,小于3级
2013/12/4,99,83~114,良,82.4,101.3,42.5,2.045,62,32,26,11,0,多云转晴,西南风,小于3级
2013/12/5,84,52~108,良,39.4,55.9,30.4,1.196,38,58,21,11,-3,晴,西南风,小于3级
2013/12/6,97,50~162,良,128.3,161.9,47.9,2.474,77.7,25,36,10,-2,霾,西北风,小于3级
2013/12/7,234,182~303,重度污染,241.3,284.8,63.9,4.207,98.3,7,78,10,-1,霾,东北风,小于3级转4-5级
2013/12/8,342,308~367,严重污染,173.4,188.7,47,2.912,59.6,39,95,7,-1,晴,北风,4-5级转3-4级
2013/12/9,100,19~290,良,11.2,16.3,9.7,0.599,21.7,57,24,7,-5,晴,西北风,小于3级转4-5级
2013/12/10,36,19~52,优,20.7,45.1,14.4,0.973,29.4,65,2,6,-4,晴,西北风,4-5级转小于3级
2013/12/11,34,24~46,优,19.2,29.5,14.6,0.742,30.1,48,2,3,-3,晴,东北风,3-4级
2013/12/12,36,29~41,优,16,29.2,11.1,0.785,25.4,59,2,5,-6,晴,东北风,小于3级
2013/12/13,41,28~66,优,47.6,63.3,29,1.31,45.3,42,6,6,-5,晴,东北风,小于3级
2013/12/14,65,58~71,良,40.2,47.8,29.4,1.184,40.9,56,13,5,-6,晴,西南风,小于3级
2013/12/15,61,58~69,良,46.4,54.6,31.3,1.503,48.6,44,17,4,-5,晴转多云,西风,小于3级
2013/12/16,91,58~135,良,102.2,125.6,59,2.511,70.4,15,46,1,-4,小雪,东北风,小于3级
2013/12/17,136,84~166,轻度污染,59,41,34.8,1.357,39.2,54,79,3,-7,晴,东北风,小于3级
2013/12/18,34,24~77,优,29,44.6,22.2,0.857,31.9,52,18,2,-8,晴,北风,小于3级
2013/12/19,49,36~67,优,45.2,60.3,29.8,1.221,49.9,44,22,3,-7,晴,南风,小于3级
2013/12/20,64,52~71,良,30.3,45.2,28,1.101,45.9,62,23,2,-8,晴,东北风,小于3级
2013/12/21,50,41~88,优,60.7,80.8,43.1,1.591,69,38,6,3,-6,多云转晴,西南风,小于3级
2013/12/22,132,95~180,轻度污染,135.4,178,67.2,2.781,94.9,18,53,5,-6,晴,西北风,小于3级
2013/12/23,200,162~217,重度污染,126.2,165.8,61.7,2.886,90.3,40,75,4,-6,晴,北风,小于3级
2013/12/24,201,154~270,重度污染,219.4,267.5,93.9,4.845,122.7,12,63,6,-6,霾,北风,小于3级转4-5级
2013/12/25,277,217~306,重度污染,168.6,219.2,65,3.26,93.7,57,81,2,-5,晴,西北风,4-5级转3-4级
2013/12/26,92,23~207,良,10,19.6,8.8,0.397,20.9,63,19,2,-9,晴,北风,小于3级
2013/12/27,25,19~38,优,16.2,21,19.5,0.58,33.7,48,2,2,-6,多云转晴,西风,小于3级
2013/12/28,40,32~50,优,10.9,18.2,10.5,0.348,20.9,63,3,6,-7,晴,西南风,小于3级
2013/12/29,59,46~79,良,57.8,86.9,47.7,1.726,75.7,42,9,7,-6,晴,西风,小于3级
2013/12/30,74,70~80,良,43.1,84.4,28.2,1.09,52.9,66,12,8,-5,晴,西南风,小于3级转3-4级
2013/12/31,94,71~104,良,50.3,147.8,23.1,1.233,49,71,30,10,-3,晴,东北风,小于3级
2014/1/1,87,76~99,良,45,111.3,27.7,1.507,61.9,64,32,9,-4,晴,西南风,小于3级
2014/1/2,119,80~218,轻度污染,111.4,168.5,69.3,3.431,93.1,17,66,9,-2,晴,北风,小于3级
2014/1/3,81,38~202,良,46.5,97.7,29,1.301,52,65,41,4,-5,晴,南风,小于3级
2014/1/4,151,87~229,中度污染,114.4,147,40,2.82,75.4,10,112,6,-3,多云转晴,东风,小于3级
2014/1/5,121,33~220,轻度污染,90.5,117.5,35.9,2.297,67,57,67,1,-4,阴,西南风,小于3级
2014/1/6,181,149~228,中度污染,137.5,157.8,46.3,2.383,68.2,11,104,5,-3,阴,东南风,小于3级转3-4级
2014/1/7,144,20~247,轻度污染,110.6,124.9,34.4,1.978,59.8,55,85,0,-5,多云,东北风,3-4级
2014/1/8,29,20~43,优,15.3,24.6,13,0.499,21.1,59,9,1,-9,晴,西风,小于3级
2014/1/9,44,18~82,优,27,45.5,19.3,0.796,34.5,65,25,4,-9,晴,南风,小于3级
2014/1/10,86,53~157,良,62.8,93.5,53.2,1.9,70.5,28,58,4,-8,晴,西南风,小于3级
2014/1/11,140,84~247,轻度污染,106.2,128.2,75.9,2.817,89.8,20,106,3,-5,晴,西风,3-4级转小于3级
2014/1/12,47,20~87,优,26.6,47.2,26.9,0.731,39.1,68,32,2,-9,晴,西南风,小于3级
2014/1/13,110,69~194,轻度污染,82.2,107,66.5,2.297,78.1,27,113,4,-7,晴,南风,小于3级
2014/1/14,109,50~175,轻度污染,81.5,107.6,67.8,2.397,74.2,31,87,3,-7,晴转多云,西风,小于3级
2014/1/15,120,67~458,轻度污染,94.9,117.4,66,2.65,83.8,25,68,6,-4,阴转多云,西南风,小于3级
2014/1/16,390,172~487,严重污染,353,384.5,109.2,4.601,122.9,32,179,6,-4,小雪转晴,东南风,小于3级转3-4级
2014/1/17,207,94~365,重度污染,165.1,193.8,66.7,2.449,75.8,47,115,6,-6,晴,西风,小于3级
2014/1/18,100,36~237,轻度污染,74.5,81.2,42.2,1.52,60.8,44,50,6,-4,多云,南风,小于3级转4-5级
2014/1/19,178,119~244,中度污染,115.4,186.1,71.3,2.509,72.2,66,101,3,-4,晴,西北风,4-5级
2014/1/20,39,26~103,优,7.8,34.7,6.1,0.315,14.7,67,6,5,-5,晴,北风,3-4级转小于3级
2014/1/21,30,23~52,优,18.3,24.9,26.5,0.725,34,50,6,7,-6,晴,西南风,小于3级
2014/1/22,150,105~247,中度污染,114.8,137.6,74.5,2.228,93.3,22,147,6,-4,多云,东北风,小于3级
2014/1/23,271,228~325,重度污染,220.9,262.5,117.6,4.039,125,10,182,7,-3,多云,东北风,小于3级
2014/1/24,185,46~314,中度污染,147.8,167.8,78.6,2.78,92.1,30,117,6,-3,多云,东北风,小于3级
2014/1/25,42,21~81,优,24.2,41.6,24.5,0.963,42.3,66,18,4,-5,多云,西南风,小于3级
2014/1/26,77,54~146,良,52.6,81,44.9,0.997,47.5,51,78,10,-5,多云转晴,东北风,小于3级
2014/1/27,128,28~206,轻度污染,89.2,119.5,56.5,1.781,60,63,116,5,-5,晴,北风,小于3级
2014/1/28,61,23~106,良,39.6,74.9,28.2,0.907,38.5,70,53,7,-5,晴转多云,南风,小于3级
2014/1/29,154,93~250,中度污染,118.2,141.2,70.7,2.311,74.9,24,136,7,-2,多云转晴,东风,小于3级
2014/1/30,99,22~233,良,71.7,96.7,39.3,1.215,45.9,73,50,5,-4,晴转多云,东风,小于3级
2014/1/31,184,110~361,中度污染,143.2,181.7,63.2,1.445,47.9,45,82,6,-2,雾,东北风,小于3级
2014/2/1,179,149~213,中度污染,135.1,145.8,51.5,1.978,57.5,16,130,9,-1,雾转多云,南风,小于3级转4-5级
2014/2/2,109,34~206,轻度污染,65.9,97.5,19.1,1.223,31.3,77,63,2,-4,多云转晴,东北风,4-5级
2014/2/3,40,33~58,优,5.2,31.7,4.8,0.303,8.1,76,29,1,-7,晴,西北风,3-4级转小于3级
2014/2/4,51,29~128,良,26.9,40.3,19.1,0.615,21.1,71,52,1,-7,多云,西南风,小于3级
2014/2/5,117,91~158,轻度污染,88.3,102.4,53.2,1.574,48.7,48,177,0,-5,阴,南风,小于3级
2014/2/6,159,118~197,中度污染,120.2,130.4,66.3,2.047,63.8,48,181,-1,-4,中雪转小雪,西南风,小于3级
2014/2/7,134,130~137,轻度污染,101.7,67.3,33.3,1.578,59,16,167,0,-5,小雪转晴,南风,小于3级转3-4级
2014/2/8,96,22~169,良,66.7,39.7,22.8,1.186,35.9,69,105,-1,-9,晴,北风,3-4级转小于3级
2014/2/9,29,25~33,优,9,15.7,15.6,0.452,17.7,68,35,0,-11,晴,北风,小于3级
2014/2/10,37,21~82,优,24.2,28.5,25.6,0.745,37.7,62,39,0,-10,晴,南风,小于3级
2014/2/11,129,80~228,轻度污染,97.9,111.5,57.8,2.057,76.8,49,147,2,-9,晴,北风,小于3级
2014/2/12,150,53~216,中度污染,111.5,115.8,53,2.153,77.4,57,134,1,-7,多云转阴,东南风,小于3级
2014/2/13,239,211~285,重度污染,187.8,173.3,73.3,2.816,83.6,33,180,3,-6,阴转多云,东风,小于3级
2014/2/14,311,248~500,严重污染,265.3,295.3,73.3,3.106,94.8,35,181,4,-5,多云转霾,东北风,小于3级
2014/2/15,428,358~500,严重污染,392.6,448.6,100.2,3.772,109.7,33,186,4,-4,多云,北风,小于3级
2014/2/16,339,183~470,严重污染,296,204,79.1,3.178,87.6,77,178,3,-4,多云转阴,南风,小于3级
2014/2/17,138,73~276,轻度污染,105.1,51.6,66.5,2.067,72.5,67,145,2,-4,多云转阴,西南风,小于3级
2014/2/18,96,59~133,良,70.8,84.1,37.6,1.13,61.3,52,141,5,-4,小雪转晴,西风,小于3级
2014/2/19,87,24~173,良,64.3,71.6,33.7,1.198,60.3,71,95,6,-5,晴,西南风,小于3级
2014/2/20,212,172~314,重度污染,164.4,174.8,44.8,2.168,78.9,24,167,6,-4,雾转霾,东北风,小于3级
2014/2/21,309,285~326,严重污染,258.6,284.1,77.8,2.671,100.8,35,184,4,-2,雾转霾,东北风,小于3级
2014/2/22,314,283~341,严重污染,262.9,300.4,101.9,3.351,101.5,24,182,4,0,雾转霾,东风,小于3级
2014/2/23,261,234~291,重度污染,210.6,245.6,129.7,3.608,91.9,15,172,7,-1,雾转霾,东风,小于3级
2014/2/24,310,275~399,严重污染,259.8,327.3,133.1,4.743,119.4,25,176,9,1,雾转霾,东北风,小于3级
2014/2/25,403,383~419,严重污染,354.3,389.1,78.3,5.229,121.6,16,182,10,2,雾转小雨,西风,小于3级
2014/2/26,331,84~500,严重污染,315.5,250.1,80.5,3.701,105.6,29,162,9,2,阴转晴,北风,3-4级
2014/2/27,33,18~61,优,16.5,24.3,13.3,0.472,25.3,73,16,5,-3,晴转阴,西南风,小于3级
2014/2/28,106,58~185,轻度污染,77.8,102,32.6,1.505,71.4,49,149,10,-2,多云转晴,东北风,小于3级
2014/3/1,57,23~127,良,38.4,57.2,23.4,0.84,48.1,79,63,11,-2,晴,西南风,小于3级
2014/3/2,177,137~257,中度污染,134.7,165,60.5,2.577,93.5,47,162,8,-2,晴转霾,东风,小于3级
2014/3/3,268,213~316,重度污染,217.5,247.9,96,4.165,102.2,8,184,8,1,阴转晴,东北风,3-4级转4-5级
2014/3/4,86,17~288,良,56.9,77.6,27.5,1.263,39.6,82,55,9,-3,晴,东北风,3-4级转小于3级
2014/3/5,39,24~61,优,19.6,34.8,16,0.771,34.9,77,26,7,-3,晴,北风,小于3级
2014/3/6,36,24~71,优,15.8,27.9,14.2,0.599,29.2,82,22,8,-3,晴,西南风,小于3级
2014/3/7,68,23~94,良,48.1,72.4,25.7,1.064,52.8,75,91,8,-1,阴转晴,南风,小于3级
2014/3/8,172,94~224,中度污染,130.7,165.5,67.9,2.262,91.6,49,166,8,-2,晴,东北风,小于3级
2014/3/9,126,37~189,轻度污染,94.5,118,45,1.575,68.2,89,130,11,-2,霾,东风,小于3级
2014/3/10,109,46~193,轻度污染,81,100.9,53.4,1.672,72.2,57,99,12,2,霾转阴,北风,小于3级
2014/3/11,205,51~261,重度污染,154.8,195.7,76,2.355,80.4,87,159,10,3,小雨转晴,东北风,4-5级转3-4级
2014/3/12,37,31~52,优,10.6,22.7,9,0.408,25.7,85,13,13,-2,晴转多云,东北风,小于3级
2014/3/13,56,20~215,良,19.6,75,14.3,0.61,36.7,90,49,16,3,多云转晴,西北风,小于3级
2014/3/14,62,28~144,良,20.6,78.8,13.3,0.506,31.2,93,44,19,2,晴,西南风,小于3级
2014/3/15,129,89~219,轻度污染,94,172.7,43,1.464,89.1,86,132,17,5,晴转多云,东风,小于3级
2014/3/16,152,98~222,中度污染,113,198.3,76.5,2.112,72.2,117,148,19,5,多云转晴,东南风,3-4级转4-5级
2014/3/17,182,61~500,中度污染,82.9,240.7,26.9,1.198,49.7,81,139,15,5,晴,北风,4-5级转小于3级
2014/3/18,88,50~160,良,37.2,123.8,17,0.623,36.2,101,59,10,6,阴,南风,小于3级转3-4级
2014/3/19,75,53~93,良,46.1,93,16.9,0.772,45.8,85,58,17,5,晴,北风,4-5级转3-4级
2014/3/20,38,29~55,优,10.3,27,5.2,0.382,22.5,92,13,20,4,晴,西北风,小于3级
2014/3/21,55,25~91,良,24.8,64,11,0.622,43.4,102,45,23,5,晴,西南风,小于3级
2014/3/22,83,37~162,良,46.8,114.6,16.3,0.841,53.4,109,82,20,6,晴转多云,东风,小于3级
2014/3/23,176,117~268,中度污染,134.1,182.7,43.6,1.554,68.9,167,168,22,6,多云转晴,东南风,小于3级
2014/3/24,270,218~299,重度污染,220.1,249.2,52.9,1.985,93.3,144,188,24,8,霾,北风,小于3级
2014/3/25,250,214~294,重度污染,199.7,236.6,42.8,1.611,92.2,186,182,24,9,霾,西南风,小于3级
2014/3/26,319,243~408,严重污染,268.9,318.3,42.9,1.96,110.5,181,184,24,10,霾,东风,小于3级
2014/3/27,294,134~414,重度污染,249.3,300.3,33.7,2.367,106.7,31,177,21,13,阵雨转多云,北风,小于3级
2014/3/28,169,82~218,中度污染,127.5,170.8,24.6,1.686,66,104,162,22,11,多云转晴,东北风,小于3级
2014/3/29,72,41~204,良,39.1,76,7,0.58,36.6,99,64,24,8,晴,西南风,小于3级
2014/3/30,64,30~97,良,31.4,77.6,8,0.54,57.7,100,48,19,10,阴,南风,小于3级
2014/3/31,172,55~296,中度污染,132.9,183.2,34.5,1.754,80.5,109,159,22,9,多云,东风,小于3级
2014/4/1,138,74~234,轻度污染,104.4,117.5,17.1,0.924,60.3,142,152,22,11,多云转阴,西南风,小于3级
2014/4/2,132,90~176,轻度污染,99.3,158.5,20.7,0.987,57.6,152,164,20,10,阴转晴,南风,3-4级转4-5级
2014/4/3,64,19~106,良,22.7,79.5,5.7,0.457,36.1,100,72,24,7,晴,西南风,小于3级转4-5级
2014/4/4,92,63~112,良,31.7,131.5,8.4,0.561,39.6,109,120,21,8,晴,东南风,3-4级转小于3级
2014/4/5,65,33~104,良,21.8,80.3,5.9,0.383,29,107,60,26,6,晴,西南风,小于3级
2014/4/6,97,60~122,良,52.7,142.8,12.3,0.655,58.2,124,136,27,9,晴,西南风,小于3级
2014/4/7,133,96~210,轻度污染,97.3,175.7,19.9,0.799,62.2,181,169,25,10,晴,东南风,小于3级
2014/4/8,224,207~260,重度污染,173.5,237.3,37.7,1.469,82.2,212,184,28,12,霾转多云,南风,3-4级转4-5级
2014/4/9,194,99~294,中度污染,121.3,238.8,19.2,0.904,50.3,114,171,18,12,晴转阴,东风,3-4级转小于3级
2014/4/10,278,139~473,重度污染,86.5,385.5,27.3,1.275,51.7,77,183,18,11,阴,南风,小于3级
2014/4/11,89,60~157,良,59.6,112.5,16.7,0.964,60.3,107,101,22,11,多云,南风,小于3级
2014/4/12,131,110~150,轻度污染,99.6,135.6,24.8,1.443,75.4,149,156,23,9,多云转晴,南风,小于3级
2014/4/13,204,145~249,重度污染,157.4,190.4,25.4,1.294,71.4,227,176,26,12,霾,南风,小于3级转3-4级
2014/4/14,279,185~328,重度污染,228.9,262.7,32.7,1.894,78.8,224,188,24,16,霾转多云,西南风,小于3级转3-4级
2014/4/15,132,75~185,轻度污染,91.4,142,16.1,0.966,61.3,118,147,21,12,阴转多云,南风,小于3级
2014/4/16,83,69~102,良,51,113.4,11.7,0.74,68.1,93,122,21,12,小雨转阴,东风,小于3级
2014/4/17,122,107~161,轻度污染,91.4,124.5,18.5,1.383,70.5,118,147,19,11,多云,东南风,小于3级
2014/4/18,182,91~231,中度污染,138.1,124.1,16.6,1.538,64.5,140,175,16,12,阴,南风,小于3级
2014/4/19,83,62~99,良,61.4,83.5,14.7,0.776,64.5,90,149,23,8,晴,西南风,小于3级
2014/4/20,83,25~123,良,59.9,79.6,7.4,0.632,53.8,117,107,24,10,多云转晴,西南风,小于3级
2014/4/21,69,37~96,良,48.3,79.3,7.1,0.577,55.7,119,88,26,10,晴,西南风,小于3级
2014/4/22,80,59~110,良,57.9,101.4,9.1,0.582,54.2,163,109,27,12,晴转多云,西南风,小于3级
2014/4/23,153,82~232,中度污染,115.6,147,20.7,0.901,41.3,169,153,26,16,多云转晴,南风,小于3级
2014/4/24,153,90~203,中度污染,115.4,133.5,18.7,0.92,46.9,162,171,24,16,多云转雷阵雨,东南风,小于3级
2014/4/25,175,85~228,中度污染,129.4,189.7,20.3,1.027,68.7,206,178,23,12,阵雨转晴,西北风,小于3级
2014/4/26,66,30~95,良,37.4,82.2,4,0.35,27.6,94,94,26,9,晴转多云,南风,小于3级
2014/4/27,76,50~129,良,51,93,6.4,0.633,47.7,143,113,25,11,多云转晴,南风,小于3级
2014/4/28,84,57~133,良,61.4,97.9,8,0.715,49.1,159,122,28,11,晴,西南风,小于3级
2014/4/29,119,95~141,轻度污染,89.3,143.3,17.1,0.936,67.8,197,161,29,13,晴,西南风,小于3级
2014/4/30,139,119~192,轻度污染,102.7,158.2,19.1,0.974,67,217,165,29,16,晴转雷阵雨,西南风,小于3级转4-5级
2014/5/1,167,55~221,中度污染,121,186.3,18.6,0.846,41,199,159,23,14,阵雨转多云,北风,4-5级
2014/5/2,49,34~86,优,22.5,46,2.9,0.287,21.1,100,32,24,12,阴,西南风,小于3级转4-5级
2014/5/3,94,53~294,良,37.7,127.3,6,0.424,43.3,97,99,19,10,扬沙转晴,西北风,5-6级转4-5级
2014/5/4,55,40~85,良,25.8,59.4,3.4,0.343,17.2,91,59,21,7,晴转多云,南风,小于3级转3-4级
2014/5/5,50,25~69,良,23,52.9,3.6,0.425,36,105,55,21,8,多云转雷阵雨,南风,小于3级
2014/5/6,100,67~146,良,73.8,124.4,26.9,0.917,61.5,131,136,25,10,雷阵雨转晴,东风,小于3级转3-4级
2014/5/7,96,49~161,良,62.8,102.2,11.8,0.905,45,109,100,23,12,晴转阴,东风,小于3级
2014/5/8,103,83~134,轻度污染,74.5,107.5,15.5,0.994,46.1,174,125,20,14,多云转阵雨,东风,小于3级
2014/5/9,88,70~105,良,61.2,106.1,32.6,1.298,52,120,120,20,15,阴转阵雨,东风,小于3级
2014/5/10,72,61~84,良,50.3,87.1,27.2,1.173,50.1,108,136,16,10,中雨转小雨,东南风,小于3级
2014/5/11,45,31~64,优,24,20.1,3.3,0.825,29.4,102,68,29,8,阴转晴,西风,小于3级
2014/5/12,61,39~106,良,34.4,68.4,6.8,0.646,43.9,146,68,29,16,晴转多云,西南风,小于3级转3-4级
2014/5/13,89,68~135,良,51.6,123.6,9.9,0.657,57,127,109,24,16,晴转多云,北风,3-4级转4-5级
2014/5/14,55,34~104,良,17.3,62.8,7.3,0.289,26,93,56,28,10,晴转多云,西南风,小于3级
2014/5/15,116,60~208,轻度污染,59.4,181,7.3,0.547,60.6,126,137,28,16,扬沙转多云,东南风,小于3级
2014/5/16,90,36~144,良,44.8,121.2,9.5,0.552,48.6,133,97,28,15,晴转多云,南风,小于3级
2014/5/17,99,73~123,良,56.3,120.3,24.6,0.98,59.8,215,120,30,16,多云转晴,西南风,小于3级
2014/5/18,110,63~202,轻度污染,77,141.7,23.4,0.935,55.9,258,136,31,19,雷阵雨转晴,南风,小于3级转3-4级
2014/5/19,142,90~205,轻度污染,106,158.5,14.5,0.991,44.5,246,156,31,17,晴转多云,东北风,小于3级
2014/5/20,121,40~244,轻度污染,78.9,129.8,9.2,0.891,45.9,170,107,33,18,晴,东南风,小于3级
2014/5/21,142,107~197,轻度污染,107.2,168.3,25.3,1.459,52.7,267,145,35,19,晴,东南风,小于3级转3-4级
2014/5/22,190,93~334,中度污染,136.2,195.8,36.7,1.414,61.4,261,166,33,22,晴转阴,南风,小于3级
2014/5/23,127,97~155,轻度污染,80.8,155.9,19.6,0.81,55.2,203,166,26,20,雷阵雨转阵雨,东风,小于3级
2014/5/24,102,87~126,轻度污染,75.7,80,6,1.006,45.9,101,165,30,19,阴转晴,东南风,小于3级转3-4级
2014/5/25,121,45~355,轻度污染,65.5,114.5,2.1,0.669,29,101,112,34,16,晴,西南风,3-4级转小于3级
2014/5/26,66,53~79,良,21.8,76.7,4.6,0.441,54.7,148,58,33,19,晴转多云,西南风,小于3级转4-5级
2014/5/27,103,44~276,轻度污染,34.8,144.6,4,0.381,42.2,114,76,36,19,晴,西北风,4-5级转小于3级
2014/5/28,78,54~116,良,29.9,87,8.3,0.607,54.8,210,79,38,22,多云,南风,小于3级
2014/5/29,96,80~120,良,42.3,115.1,10.3,0.671,60.2,196,90,37,23,多云转晴,东南风,小于3级
2014/5/30,145,88~206,轻度污染,84,171.3,36.9,1.55,53.2,343,134,34,22,多云,东风,小于3级
2014/5/31,161,105~237,中度污染,114.1,215.4,45.2,2.135,57.8,303,159,29,24,阵雨转阴,西风,小于3级
2014/6/1,94,71~165,良,44.5,55.3,2.3,0.627,25.7,179,131,27,19,阴转多云,东风,小于3级
2014/6/2,63,37~95,良,26.4,42.7,2.4,0.443,25.5,163,96,31,17,多云转晴,西风,小于3级
2014/6/3,73,45~119,良,32.7,61.2,13.4,0.567,40.6,194,106,31,20,晴转雷阵雨,东南风,小于3级
2014/6/4,98,70~124,良,52.9,89.4,8.9,0.845,45,217,148,34,21,阴转多云,东北风,小于3级
2014/6/5,100,65~144,良,58.5,93.4,11.2,0.822,41.4,253,131,27,23,雷阵雨转大雨,西南风,小于3级
2014/6/6,76,29~141,良,48.6,70.8,11.7,1.066,39.3,85,76,31,18,阴转多云,西北风,小于3级
2014/6/7,38,18~60,优,9.3,25.9,2.1,0.341,27,102,32,30,17,多云转雷阵雨,东风,小于3级
2014/6/8,57,36~69,良,26.6,58,7.4,0.683,54.4,169,50,30,17,多云转雷阵雨,东风,小于3级
2014/6/9,58,35~83,良,27.1,52.9,6.3,0.595,43,160,72,29,17,多云转雷阵雨,东北风,小于3级
2014/6/10,91,61~116,良,66.6,84.8,6.4,1.168,42.5,154,138,29,17,雷阵雨转晴,东北风,小于3级
2014/6/11,71,29~122,良,39.9,40.7,2.9,0.719,31.9,133,85,34,18,晴,西南风,小于3级
2014/6/12,63,43~87,良,24.4,56.1,5.5,0.509,38.8,146,53,32,21,多云转雷阵雨,东风,小于3级
2014/6/13,95,49~119,良,48.4,84,8.1,0.853,41.1,224,105,32,21,阴转多云,西北风,小于3级
2014/6/14,85,30~160,良,38.4,67.9,3.2,0.64,38.2,252,71,34,22,多云转雷阵雨,东南风,小于3级
2014/6/15,151,115~179,中度污染,101.3,144.9,14.5,1.167,49.3,280,156,28,23,雷阵雨转中雨,西南风,小于3级
2014/6/16,166,121~205,中度污染,125.6,149.2,3.4,1.01,40.5,226,163,28,21,雷阵雨,西南风,小于3级
2014/6/17,126,57~257,轻度污染,87.7,106.6,3.4,0.925,34.7,184,138,30,20,雷阵雨,东北风,小于3级
2014/6/18,87,42~149,良,60.9,72,3.9,0.728,36,222,123,28,20,阴转雷阵雨,西南风,小于3级
2014/6/19,159,122~233,中度污染,120.7,132,5.3,1.161,44.5,175,175,28,19,雷阵雨转阴,东风,小于3级
2014/6/20,71,33~126,良,43.6,37.9,2.4,0.793,27.4,156,125,28,19,多云转雷阵雨,东南风,小于3级
2014/6/21,100,72~119,轻度污染,65.3,63,4.6,0.958,33.7,177,172,27,19,雷阵雨,东北风,小于3级
2014/6/22,60,28~91,良,28.9,41,2.1,0.577,30.7,163,92,31,18,阴转晴,东南风,小于3级
2014/6/23,63,24~112,良,23.3,43.8,2,0.477,37.6,194,85,32,20,晴转多云,南风,小于3级
2014/6/24,97,64~159,良,49.1,86.8,5.7,0.729,51.9,233,129,27,22,雷阵雨,南风,小于3级
2014/6/25,137,91~189,轻度污染,102.2,125,10,1.197,48,145,176,31,21,雷阵雨转阴,南风,小于3级
2014/6/26,176,96~228,中度污染,126.9,50.7,3.8,1.063,33,242,181,34,23,晴,西风,小于3级
2014/6/27,47,22~86,优,18.6,40.5,2.8,0.425,33.9,117,63,36,21,晴,西南风,小于3级
2014/6/28,50,34~68,优,19.4,45.3,5.4,0.434,41.6,133,57,35,22,晴转多云,西风,小于3级
2014/6/29,85,48~155,良,41.6,84.1,10.7,0.999,51.9,240,112,33,23,多云,南风,小于3级
2014/6/30,122,92~180,轻度污染,72.7,120.4,15.4,1.168,52.6,302,157,29,24,阴转大雨,南风,小于3级
2014/7/1,126,84~191,轻度污染,88.8,136.4,17.2,0.996,48.8,238,148,28,21,大雨转阵雨,东北风,小于3级
2014/7/2,84,50~136,良,55.2,57.2,2.9,0.868,27.7,132,133,29,22,阴转雷阵雨,东风,小于3级
2014/7/3,239,139~293,重度污染,189.6,103.3,4.7,1.3,40,195,187,30,23,雷阵雨转多云,东南风,小于3级
2014/7/4,239,192~267,重度污染,187.8,128.3,4.1,1.264,39.8,232,188,31,23,多云转霾,西风,小于3级
2014/7/5,167,119~198,中度污染,124.1,100.1,3.7,1.142,37.9,199,185,31,23,阴转多云,南风,小于3级
2014/7/6,253,221~274,重度污染,202.3,154.5,8,1.353,35.9,212,188,32,24,多云转霾,东风,小于3级
2014/7/7,210,126~274,重度污染,165.4,185.3,8.9,1.167,40.5,210,183,34,24,阴转晴,东南风,小于3级
2014/7/8,150,38~268,中度污染,105.7,123.2,8.7,0.865,40.3,117,133,32,23,多云,北风,小于3级
2014/7/9,60,28~90,良,24.5,69.1,5.9,0.563,54.6,135,87,35,22,多云转晴,西南风,小于3级
2014/7/10,78,43~114,良,27,79.7,7.8,0.505,40.4,201,112,35,24,晴转多云,西南风,小于3级
2014/7/11,62,30~82,良,27.5,67.1,4.8,0.459,39.8,137,73,34,22,多云,东北风,小于3级
2014/7/12,48,22~80,优,12.1,34.8,2.2,0.307,30.6,145,67,35,22,晴转多云,南风,小于3级
2014/7/13,49,25~98,优,16.3,52.3,2.8,0.402,39.5,131,68,36,22,多云转晴,东南风,小于3级
2014/7/14,90,39~155,良,26.2,64,4.5,0.519,43.2,259,117,35,23,多云转雷阵雨,东北风,小于3级
2014/7/15,113,94~141,轻度污染,50.2,106.4,6.9,0.595,27.6,220,173,33,24,多云转雷阵雨,北风,小于3级
2014/7/16,120,88~220,轻度污染,86.5,110.9,4.1,0.805,41.7,207,173,33,23,雷阵雨转多云,东北风,小于3级
2014/7/17,174,78~240,中度污染,132.2,134.6,4.2,1.837,40.5,147,182,35,24,阴转晴,东北风,小于3级
2014/7/18,186,150~249,中度污染,141.8,107,7,1.654,38.2,222,186,35,25,晴,南风,小于3级
2014/7/19,118,76~148,轻度污染,82.1,102.3,2.6,0.759,33.4,178,165,36,26,多云,东南风,小于3级
2014/7/20,98,67~135,良,66.7,91,3.7,0.722,26,197,158,32,26,雷阵雨转中雨,南风,小于3级
2014/7/21,51,26~88,良,26.1,42.5,4.5,0.48,23.8,117,70,31,26,阴,北风,小于3级
2014/7/22,39,25~60,优,11.9,36.6,7.1,0.472,39.6,58,37,32,24,阵雨转多云,西风,小于3级
2014/7/23,63,42~86,良,25.7,74.3,5.7,0.708,59.3,115,110,33,23,多云,南风,小于3级
2014/7/24,87,63~119,良,60.8,112,6.3,0.976,68.3,134,152,32,24,阴转多云,西风,小于3级
2014/7/25,110,71~134,轻度污染,64.3,90.6,7,1.221,42.8,207,167,35,22,晴,西南风,小于3级
2014/7/26,155,105~193,中度污染,94,135.5,10.1,1.184,41.3,286,170,35,25,晴转多云,南风,小于3级
2014/7/27,160,106~198,中度污染,106.5,154.2,17.6,0.975,34.9,282,173,35,24,多云转晴,南风,小于3级
2014/7/28,168,109~212,中度污染,121.9,155.6,8.9,0.942,32.8,239,178,33,24,多云转雷阵雨,南风,小于3级
2014/7/29,165,118~249,中度污染,125.5,149.5,5,0.849,28.2,201,180,29,22,中雨转多云,西南风,小于3级
2014/7/30,160,83~251,中度污染,119.6,68.5,2.6,1.352,28.1,162,181,32,24,多云转晴,东风,小于3级
2014/7/31,246,207~267,重度污染,195.1,76.4,3.4,1.634,35.9,226,189,33,24,晴,东南风,小于3级
2014/8/1,198,156~225,中度污染,150.2,127.8,3.1,1.346,35.1,223,187,34,25,多云,南风,小于3级
2014/8/2,164,125~191,中度污染,124,131.5,2.9,1.072,39,259,184,32,26,多云转阴,北风,小于3级
2014/8/3,152,86~216,中度污染,110.6,139.3,2.3,1.015,39.1,224,173,29,24,中雨转雷阵雨,东北风,小于3级
2014/8/4,51,22~98,良,31.2,42.9,2.7,0.612,36.1,59,52,31,21,阴转晴,东北风,小于3级
2014/8/5,49,19~82,优,24.3,49.8,5.1,0.579,37,169,63,31,21,多云转晴,西南风,小于3级
2014/8/6,60,29~91,良,31.4,63.9,2.9,0.58,46.4,122,102,31,21,晴,东风,小于3级
2014/8/7,114,77~161,轻度污染,62,92.2,10,1.134,44.9,248,179,31,21,晴转多云,西南风,小于3级
2014/8/8,107,81~140,轻度污染,64.3,102.7,7.9,1.064,45.1,220,178,30,21,多云转阴,南风,小于3级
2014/8/9,134,95~186,轻度污染,80,122.8,9.1,1.062,40.3,229,185,31,21,雷阵雨转多云,西北风,小于3级
2014/8/10,78,33~126,良,31.8,49,2.9,0.59,32.6,202,116,33,22,晴,东风,小于3级
2014/8/11,51,27~82,良,23.7,48.1,2.9,0.48,39.7,139,63,31,21,晴转阴,东北风,小于3级
2014/8/12,71,29~117,良,24.7,57.7,5.6,0.645,44.6,201,107,26,19,中雨转阵雨,西风,小于3级
2014/8/13,45,29~81,优,25.5,35.2,2,0.606,34.2,104,62,31,18,多云,西南风,小于3级
2014/8/14,61,29~104,良,29.1,44.2,3.7,0.633,39,196,105,31,20,雷阵雨转多云,南风,小于3级
2014/8/15,76,40~107,良,34.5,68.6,4.5,0.619,49.2,210,110,32,20,晴转多云,东北风,小于3级
2014/8/16,97,56~158,良,54.8,92.5,6.3,0.868,49.4,250,126,28,22,多云转雷阵雨,东南风,小于3级
2014/8/17,98,55~193,良,52.7,88.3,4.6,0.784,32,201,151,31,21,阴转多云,南风,小于3级
2014/8/18,88,50~138,良,56.7,84.4,5.6,0.819,38,219,145,32,21,多云转晴,南风,小于3级
2014/8/19,129,103~157,轻度污染,84.4,119.1,6,0.962,40.2,239,184,33,22,晴转多云,南风,小于3级
2014/8/20,143,114~179,轻度污染,104.3,146.4,13.9,1.082,40.7,256,180,33,23,多云转晴,东南风,小于3级
2014/8/21,179,135~210,中度污染,126.4,168.8,8.8,1.148,48.9,279,181,31,23,多云转雷阵雨,东风,小于3级
2014/8/22,80,35~139,良,51.3,80.4,3.3,0.795,57.7,93,98,31,22,雷阵雨转阴,西南风,小于3级
2014/8/23,142,113~174,轻度污染,106.5,137,5,1.095,55.5,251,178,32,22,雷阵雨转多云,北风,小于3级转3-4级
2014/8/24,47,23~94,优,16.8,37.9,4.2,0.438,27.4,110,66,32,19,晴,东风,3-4级转小于3级
2014/8/25,45,25~73,优,16.4,42,3.8,0.445,36.2,116,50,33,19,晴,西南风,小于3级
2014/8/26,61,36~83,良,22.8,65.9,5.5,0.523,55.7,160,76,33,19,晴转多云,西南风,小于3级
2014/8/27,91,61~136,良,47.3,106.7,7.6,0.703,59.1,219,145,28,20,多云转雷阵雨,东南风,小于3级
2014/8/28,104,81~132,轻度污染,77.4,118.7,7.1,0.913,53.6,150,168,28,19,中雨转多云,东北风,小于3级
2014/8/29,99,75~127,良,73.6,82.2,4,0.978,34.7,171,165,28,19,多云转阵雨,南风,小于3级
2014/8/30,171,117~208,中度污染,128.8,147.6,4.4,1.53,58.2,77,186,25,19,中雨转阵雨,北风,小于3级
2014/8/31,87,64~116,良,64,49.1,2.2,0.985,29.6,157,159,27,20,多云转雷阵雨,东北风,小于3级
2014/9/1,126,46~177,轻度污染,94.9,83.4,3.1,1.592,45.1,119,170,23,19,暴雨,东风,小于3级
2014/9/2,36,26~53,优,20.1,15.4,2,0.842,31.2,74,41,28,18,阵雨转晴,北风,小于3级
2014/9/3,36,18~65,优,14.9,34.8,5.2,0.551,37.6,140,55,32,18,晴,西南风,小于3级
2014/9/4,76,60~100,良,39.5,90.6,5.2,0.824,61,189,123,30,17,晴,西南风,小于3级
2014/9/5,121,80~196,轻度污染,86.2,137.6,8.6,1.029,51.3,229,153,28,19,晴转多云,南风,小于3级
2014/9/6,184,150~204,中度污染,138.3,160.7,11.7,1.402,38.9,219,189,29,21,阵雨转阴,南风,小于3级
2014/9/7,196,149~256,中度污染,150.5,182.2,9.8,1.262,43.9,191,186,29,20,多云转晴,北风,3-4级
2014/9/8,47,28~110,优,13.5,30,3.7,0.344,24,110,53,29,17,多云,西南风,小于3级
2014/9/9,74,39~110,良,35.8,82.6,5.4,0.643,48.7,204,117,28,16,晴转多云,南风,小于3级
2014/9/10,97,77~133,良,63.4,111,11,1.077,56.7,185,157,24,18,阴转阵雨,东南风,小于3级
2014/9/11,110,81~135,轻度污染,82.3,123.5,15.6,1.423,63.8,133,174,25,18,阵雨,东北风,小于3级
2014/9/12,98,77~144,良,72.9,53.8,3.7,0.963,50.7,91,177,26,17,多云,西风,小于3级
2014/9/13,93,69~115,良,67.2,96.2,7.1,0.802,49.3,166,173,25,19,阴,西南风,小于3级
2014/9/14,69,20~111,良,41.8,76.6,3.3,0.54,47.5,76,118,27,15,多云转晴,西南风,小于3级
2014/9/15,45,18~76,优,17.9,47.9,5,0.401,36.4,100,83,26,13,晴转多云,西南风,小于3级
2014/9/16,71,40~100,良,38.1,90.9,4.9,0.594,66.3,45,148,24,14,阴转多云,西南风,小于3级
2014/9/17,75,54~113,良,50.7,88.4,3.9,0.708,61.4,78,160,25,12,晴,西南风,小于3级
2014/9/18,89,60~115,良,62.3,94.4,3.6,0.731,58.7,149,161,25,14,多云转阴,西南风,小于3级
2014/9/19,112,75~171,轻度污染,83.7,119.3,6.6,0.893,59.7,142,167,28,16,雷阵雨转晴,东北风,小于3级
2014/9/20,158,131~230,中度污染,120.4,124.4,4.9,1.18,52.9,191,182,27,16,晴,东南风,小于3级
2014/9/21,132,82~232,轻度污染,99.6,118.7,14.8,1.727,46,133,173,23,17,雾转阵雨,东南风,小于3级
2014/9/22,124,103~149,轻度污染,93.5,107.6,10.9,1.982,58.8,56,172,20,17,中雨,东北风,小于3级
2014/9/23,67,40~120,良,47.9,22.3,2.4,1.084,40.2,31,105,23,16,小雨转多云,东南风,小于3级
2014/9/24,50,23~97,优,33.7,40.2,2.2,0.786,44.8,91,64,24,14,晴转多云,南风,小于3级
2014/9/25,143,86~205,轻度污染,107,129.6,3.1,1.291,53,81,170,22,16,阴转阵雨,南风,小于3级
2014/9/26,164,111~218,中度污染,124,102.6,8.9,1.574,62,76,174,24,15,多云,东北风,小于3级
2014/9/27,52,22~138,良,30,36.2,3,0.583,41.9,96,45,24,15,晴转多云,北风,小于3级
2014/9/28,84,66~116,良,56.1,106.7,8.4,1.209,67.2,64,134,23,16,阴转多云,西南风,小于3级转4-5级
2014/9/29,78,23~125,良,51.4,76.9,3.5,0.881,38.3,73,113,17,10,晴转多云,东风,小于3级
2014/9/30,49,32~78,优,23.7,51.6,7.4,0.617,39,52,82,15,11,阴转中雨,南风,小于3级
2014/10/1,91,71~114,良,66.5,77.3,4.2,0.967,57.3,8,163,22,10,小雨转多云,北风,小于3级
2014/10/2,76,57~89,良,54.5,51.1,4,0.952,46.3,55,112,19,11,雾,西南风,小于3级
2014/10/3,120,72~192,轻度污染,89.2,108.3,4.2,1.589,52.3,25,146,15,12,小雨,南风,小于3级
2014/10/4,101,71~174,轻度污染,75.1,48.4,2.4,1.138,39,68,156,21,12,阴转晴,东南风,小于3级转3-4级
2014/10/5,48,21~91,优,29.7,40.2,2,0.697,29.9,78,48,20,8,晴,东风,小于3级
2014/10/6,48,31~86,优,25.1,50,2.8,0.456,46.9,82,30,22,9,晴,南风,小于3级
2014/10/7,180,88~267,中度污染,139.6,181.1,12.3,1.289,86.4,121,163,22,11,晴,东北风,小于3级
2014/10/8,310,248~383,严重污染,258.8,292.2,9.7,2.094,102.5,83,184,22,13,霾,北风,小于3级
2014/10/9,380,348~417,严重污染,330.6,353,5.7,2.283,92,111,187,22,14,霾,东北风,小于3级
2014/10/10,351,314~396,严重污染,300.4,268.5,12.7,2.358,84.5,134,186,21,13,霾转阵雨,北风,小于3级转3-4级
2014/10/11,233,25~351,重度污染,190.3,126.2,6.6,1.804,60.8,73,147,17,14,阵雨转晴,北风,4-5级
2014/10/12,25,20~28,优,6.2,8.9,2.9,0.249,22.3,61,10,18,6,阴转晴,北风,小于3级
2014/10/13,33,17~75,优,13.1,31.2,4.5,0.326,33.9,60,21,20,4,晴,西南风,小于3级
2014/10/14,72,50~120,良,43,88.3,7.6,0.688,61.2,83,62,22,7,多云转晴,西南风,小于3级转4-5级
2014/10/15,81,33~131,良,43.3,99.1,4.5,0.585,43.7,71,55,22,6,晴,北风,3-4级转小于3级
2014/10/16,73,48~104,良,33.9,93.9,7.5,0.63,54.7,91,68,22,7,晴,西南风,小于3级
2014/10/17,128,85~192,轻度污染,93.8,176.2,11.1,1.214,104.2,78,136,22,8,霾,东北风,小于3级
2014/10/18,195,116~296,中度污染,152,229.2,17.1,2.006,114.7,163,159,21,11,霾,东风,小于3级
2014/10/19,294,238~360,重度污染,242.9,313.3,11.7,2.456,118.7,88,188,20,10,霾,西南风,小于3级
2014/10/20,249,170~299,重度污染,198.2,212.2,4.8,1.555,73.9,72,184,17,9,雾转晴,东南风,小于3级
2014/10/21,67,40~90,良,33.9,81.4,19.2,1.21,57,39,75,19,7,晴,南风,小于3级
2014/10/22,101,69~135,轻度污染,71.2,136.2,11,1.273,75,12,119,20,8,多云转霾,东北风,小于3级
2014/10/23,157,121~210,中度污染,118.5,175.5,13.1,1.527,85.2,38,151,18,12,霾,东北风,小于3级
2014/10/24,268,195~349,重度污染,217.1,265.5,11.2,2.083,88.4,99,181,19,11,雾转霾,东北风,小于3级
2014/10/25,341,274~420,严重污染,291.4,327,6.4,2.431,87.4,103,187,18,12,雾转晴,东风,3-4级转4-5级
2014/10/26,86,17~370,良,58.9,62,2.7,0.674,39.8,69,45,14,4,晴,东北风,3-4级转小于3级
2014/10/27,52,20~83,良,25.3,61,11.2,0.673,51.8,54,46,16,3,晴,南风,小于3级
2014/10/28,83,60~100,良,60.1,106.3,11.6,0.987,69.2,45,114,15,6,多云转霾,北风,小于3级
2014/10/29,140,110~188,轻度污染,105.1,161.1,12.6,1.295,88.7,55,162,15,9,阴转多云,东风,小于3级
2014/10/30,203,172~235,重度污染,155,194.3,16.6,1.675,99.2,35,173,14,10,雾转小雨,北风,小于3级
2014/10/31,201,168~225,重度污染,152.3,180.5,10.5,2.12,88.7,22,168,17,9,雾转多云,西南风,小于3级转3-4级
2014/11/1,87,24~222,良,57.3,85.9,5.9,1.068,49.3,55,73,13,6,多云转晴,北风,4-5级
2014/11/2,30,20~46,优,7.3,24.6,3.9,0.331,23.4,63,15,17,2,晴,南风,3-4级转小于3级
2014/11/3,50,26~71,优,23.7,53.8,5.1,0.745,44.4,77,39,17,3,晴,西南风,小于3级
2014/11/4,126,64~242,轻度污染,94.1,134,15.7,1.36,69.5,61,116,18,5,晴,东风,小于3级转3-4级
2014/11/5,110,29~237,轻度污染,76.3,98.2,7.4,1.216,51.4,69,88,12,6,晴,北风,3-4级转小于3级
2014/11/6,34,26~65,优,9,20.3,3,0.328,21.3,67,15,10,2,多云转阴,西南风,小于3级
2014/11/7,62,55~69,良,41.8,67.9,13.5,1.184,47.8,34,82,12,2,阴转晴,西南风,小于3级
2014/11/8,91,70~113,良,67.2,85.1,10.2,1.417,54.9,75,140,12,2,阴转晴,西南风,小于3级
2014/11/9,80,48~110,良,57.8,77.8,6.6,1.113,57.5,78,98,12,2,阴转晴,西南风,小于3级
2014/11/10,92,60~156,良,67.9,87.1,8.7,1.34,66.7,50,81,13,3,阴,西风,3-4级转4-5级
2014/11/11,70,25~158,良,34,66.5,4.1,0.686,31,63,55,9,2,晴,西北风,3-4级转4-5级
2014/11/12,42,27~63,优,5.2,41,2.7,0.222,10.3,70,40,11,-1,晴,西北风,3-4级转小于3级
2014/11/13,44,22~67,优,22.2,44.6,7.3,0.742,46.9,63,29,12,-2,晴,西南风,小于3级
2014/11/14,54,26~103,良,33,60,15,1.031,56.8,53,31,9,0,多云转阴,南风,小于3级
2014/11/15,123,64~231,轻度污染,92.5,137.4,31.4,2.042,84.3,10,119,11,1,小雨转多云,西南风,小于3级转3-4级
2014/11/16,106,22~215,轻度污染,74.9,108.9,15.6,1.577,55,56,83,11,0,晴,北风,小于3级
2014/11/17,38,19~82,优,21.8,40.5,13.7,0.736,45.5,65,14,13,-2,晴,西风,小于3级
2014/11/18,78,57~179,良,55.4,93,28.3,1.718,69.4,24,54,10,0,多云转阴,东风,小于3级
2014/11/19,267,158~353,重度污染,217.7,284.7,43.8,3.317,122.8,9,177,12,0,雾转霾,东北风,小于3级
2014/11/20,342,302~419,严重污染,291.6,360,29.5,3.718,135.9,14,186,12,-1,霾转晴,北风,小于3级
2014/11/21,225,33~427,重度污染,186.9,238.5,20.7,2.833,111,37,127,11,0,晴,北风,小于3级
2014/11/22,50,18~138,优,31.4,54.2,14.3,0.822,55.4,49,24,8,0,阴,东北风,小于3级
2014/11/23,156,114~216,中度污染,118.4,166,22.2,2.382,91.2,9,132,11,0,晴,北风,小于3级
2014/11/24,103,34~219,轻度污染,75.1,112.5,15.6,1.753,72.3,44,113,9,-2,多云,南风,小于3级
2014/11/25,174,98~290,中度污染,135.7,178.4,28.2,2.487,93.6,26,166,8,-1,雾转霾,北风,小于3级
2014/11/26,283,223~384,重度污染,231.6,287.9,37.9,3.563,120.2,8,183,7,1,霾转阴,东北风,小于3级
2014/11/27,102,26~394,轻度污染,72.7,108.4,11.6,1.203,57,45,67,8,0,阴转多云,西南风,小于3级
2014/11/28,111,64~225,轻度污染,78.8,146.8,22.3,1.624,71.7,36,142,7,-1,多云转霾,西南风,小于3级
2014/11/29,268,220~321,重度污染,217,297.4,18.9,3.425,91.7,3,186,6,2,小雨转多云,东北风,3-4级转5-6级
2014/11/30,209,26~500,重度污染,88.5,241.3,9.3,1.333,40.3,59,154,-1,-6,晴,西北风,5-6级
2014/12/1,56,20~466,良,9.8,56.7,6,0.464,18.1,59,27,2,-7,晴,北风,3-4级转小于3级
2014/12/2,25,16~55,优,11.9,21.1,9.6,0.654,34.2,37,6,1,-7,晴,北风,小于3级转4-5级
2014/12/3,56,37~73,良,7.9,63.4,5.7,0.301,14.3,63,59,3,-7,晴,西北风,5-6级转4-5级
2014/12/4,33,27~47,优,7.3,29.5,6.4,0.328,16.9,63,35,4,-8,晴,东北风,4-5级转小于3级
2014/12/5,42,20~127,优,24.6,45,16.4,0.761,40.1,63,33,4,-7,晴,东风,小于3级
2014/12/6,83,34~132,良,58.2,90.7,33.2,1.765,68.8,43,82,5,-4,小雪转晴,东风,小于3级转3-4级
2014/12/7,75,28~144,良,49.1,77.1,27.3,1.463,48.2,55,75,5,-7,晴,北风,3-4级转小于3级
2014/12/8,78,22~164,良,55.5,80.3,29.5,1.289,59.8,41,78,2,-6,晴转霾,西南风,小于3级
2014/12/9,267,178~331,重度污染,216.6,280,65,4.8,108.3,7,182,5,-3,小雪转多云,东北风,小于3级转5-6级
2014/12/10,186,30~324,中度污染,127.3,216.1,27.5,2.516,61.3,64,130,3,-5,晴,北风,5-6级转3-4级
2014/12/11,40,19~85,优,19.8,38.3,15.1,0.571,31.7,60,29,3,-4,晴,西北风,4-5级
2014/12/12,41,23~63,优,11,40.9,7.9,0.433,21.8,56,21,4,-7,晴,西南风,3-4级转小于3级
2014/12/13,68,32~128,良,42.2,79.5,23.7,1.117,48.8,44,61,4,-7,晴转多云,北风,小于3级
2014/12/14,110,55~182,轻度污染,81.8,123,42.8,2.07,74.9,34,94,3,-4,多云转晴,北风,3-4级转5-6级
2014/12/15,109,26~249,轻度污染,63.9,116.9,26.6,1.483,44.3,65,67,0,-6,晴,西北风,4-5级转5-6级
2014/12/16,34,24~52,优,6.8,29.8,5.9,0.337,13.9,57,13,5,-6,晴,西北风,3-4级转小于3级
2014/12/17,95,26~189,良,67.2,111.2,32.5,1.56,62.7,50,117,5,-7,晴转霾,东北风,小于3级
2014/12/18,186,139~233,中度污染,142.7,193.7,79,3.876,93.2,13,170,5,-4,阴转晴,东北风,3-4级转4-5级
2014/12/19,57,24~209,良,31.4,54.2,14.4,0.962,33,65,33,2,-5,晴,北风,4-5级转3-4级
2014/12/20,22,16~39,优,8.6,17,10,0.476,23.8,53,3,3,-6,晴,西北风,3-4级转小于3级
2014/12/21,39,22~75,优,15.2,36.3,13.3,0.607,29.8,51,25,6,-6,晴,西风,3-4级转小于3级
2014/12/22,94,56~139,良,69.3,114,39.5,2.084,73.6,41,101,8,-5,霾,北风,小于3级转3-4级
2014/12/23,99,41~146,良,73,110.3,48.6,2.434,76.7,33,73,5,-1,晴,北风,3-4级
2014/12/24,32,28~41,优,12,30.7,16.6,0.504,32.3,64,5,6,-5,晴,西北风,小于3级
2014/12/25,43,21~99,优,27,43.4,22.3,1.002,53.2,66,20,4,-5,晴转霾,南风,小于3级
2014/12/26,152,94~223,中度污染,114.7,154.8,58.4,3.009,91.6,12,139,6,-5,霾,东北风,小于3级
2014/12/27,239,179~340,重度污染,189.7,235.7,70.3,4.137,124.6,12,165,7,-5,霾转晴,西南风,小于3级
2014/12/28,161,67~320,中度污染,120.7,186.1,51,2.774,91.3,66,111,10,-4,晴,南风,小于3级
2014/12/29,134,52~242,轻度污染,96.1,165.4,41.4,2.759,83.4,61,91,6,-4,晴转多云,东南风,小于3级
2014/12/30,53,23~119,良,24.2,60.5,21.7,1.035,50.7,63,24,0,-5,多云转晴,西北风,5-6级
2014/12/31,44,26~94,优,5.8,46,6.5,0.31,12.1,60,42,3,-8,晴,西北风,3-4级转小于3级
2015/1/1,61,20~121,良,41,66.8,23.8,1.09,49.9,51,190,8,-5,晴,东北风,小于3级
2015/1/2,72,20~150,良,50.6,80.3,31.4,1.333,60,50,133,8,-6,霾,南风,小于3级
2015/1/3,194,163~256,中度污染,148.2,193.4,66.7,3.24,100.7,22,315,6,-5,霾,东北风,小于3级
2015/1/4,218,142~306,重度污染,173.8,224.9,74.8,3.67,119.6,26,279,9,-1,霾转晴,东北风,小于3级转4-5级
2015/1/5,155,34~262,中度污染,106.6,156.4,57.2,2.887,70,69,208,6,-4,晴,北风,4-5级转小于3级
2015/1/6,53,23~138,良,34.2,51.2,22.2,0.803,40.1,58,108,3,-6,晴,西南风,小于3级
2015/1/7,85,38~146,良,61.8,89.1,38.1,1.769,64,40,193,5,-6,多云,西南风,小于3级
2015/1/8,163,104~277,中度污染,124.1,151,49.4,2.978,91.9,15,297,7,-3,晴,西南风,小于3级
2015/1/9,99,19~269,良,73.3,92.8,32.3,1.568,61.3,64,128,9,-5,晴,西南风,小于3级
2015/1/10,191,96~270,中度污染,146.7,174.3,54.8,2.805,94.5,48,287,5,-3,晴,东风,3-4级转小于3级
2015/1/11,56,18~153,良,37.3,55,18,0.892,46.5,50,81,4,-6,晴转霾,南风,小于3级
2015/1/12,154,125~220,中度污染,116.9,146,43,2.176,72.2,37,304,3,-5,霾,东南风,小于3级
2015/1/13,203,161~264,重度污染,155.8,183.3,54,2.81,91.8,21,335,2,-5,霾转小雪,东北风,小于3级
2015/1/14,265,215~317,重度污染,213.9,250.8,54.1,3.085,100.3,7,356,3,-5,雾转霾,西南风,小于3级
2015/1/15,373,281~460,严重污染,328.3,375.5,34.3,4.725,111.4,7,363,4,-3,霾转多云,西南风,3-4级转5-6级
2015/1/16,138,19~458,轻度污染,111.9,119.5,9.2,1.633,41.8,68,121,4,-7,晴,北风,3-4级转小于3级
2015/1/17,83,20~171,良,59.5,71.3,29.5,1.198,57.2,44,148,6,-5,阴转晴,西风,小于3级转4-5级
2015/1/18,112,48~185,轻度污染,68.4,109.7,29.9,1.488,51.6,77,201,5,-6,晴,西北风,3-4级转小于3级
2015/1/19,66,27~128,良,42.9,73.7,25,1.285,58.7,59,110,5,-5,晴转多云,东北风,小于3级
2015/1/20,112,94~144,轻度污染,84.1,107.6,43.8,1.992,74.5,34,232,5,-2,多云转晴,西北风,3-4级
2015/1/21,33,19~85,优,19.1,23.4,15.8,0.633,32.2,68,19,6,-7,晴,西南风,小于3级
2015/1/22,129,48~242,轻度污染,97.7,120.6,39.1,2.001,79.6,45,204,7,-6,霾,南风,小于3级
2015/1/23,257,222~307,重度污染,206.1,232.7,61.4,3.558,120.9,20,358,2,-3,霾转阴,东风,小于3级
2015/1/24,130,74~299,轻度污染,95.7,145.1,33,1.995,69.8,34,188,4,-5,阴转霾,东南风,小于3级
2015/1/25,175,115~257,中度污染,134.3,99.6,15.6,1.741,60.5,37,249,5,-4,霾转阴,西南风,小于3级转4-5级
2015/1/26,136,23~271,轻度污染,102.3,106.5,10.9,1.665,42.7,64,160,2,-7,多云转晴,北风,4-5级转小于3级
2015/1/27,33,23~66,优,16.9,28,14.3,0.618,29.2,60,44,0,-7,晴转多云,西南风,小于3级
2015/1/28,52,19~125,良,36.7,47.4,21.3,1.035,49.3,49,142,4,-5,阴转晴,南风,小于3级转3-4级
2015/1/29,89,24~182,良,62.6,77.2,21.9,1.197,41.3,68,202,3,-6,晴,北风,3-4级转小于3级
2015/1/30,28,22~39,优,11.6,21.4,12.3,0.527,25.6,70,22,4,-8,晴,东北风,小于3级
2015/1/31,43,19~131,优,29.5,42,19,0.838,42.5,59,69,2,-7,晴转多云,西南风,小于3级
2015/2/1,103,55~191,轻度污染,76.6,98.5,40.8,1.899,67.3,35,232,3,-6,多云转阴,西南风,小于3级
2015/2/2,184,125~229,中度污染,139.2,155.7,56.5,2.459,86.7,26,321,8,-5,霾,西北风,小于3级转4-5级
2015/2/3,156,33~255,中度污染,117.4,78.7,28.8,1.907,61,80,229,6,-2,晴,西北风,3-4级转4-5级
2015/2/4,37,25~79,优,10.5,32.3,9.2,0.377,19.8,73,45,8,-3,晴,北风,4-5级转小于3级
2015/2/5,45,27~97,优,27,35.3,16,0.706,42.1,72,68,8,-4,晴转多云,西风,小于3级
2015/2/6,89,50~141,良,65.4,78.3,30,1.78,72.4,57,169,4,-1,阴转晴,西南风,3-4级转5-6级
2015/2/7,37,25~108,优,13.4,26,10.3,0.432,22.1,81,24,3,-7,晴,北风,4-5级转3-4级
2015/2/8,45,26~119,优,23.5,31.8,16.5,0.585,29.5,68,74,7,-6,晴,南风,小于3级
2015/2/9,144,105~221,轻度污染,108.7,126.8,47.6,1.9,78.5,42,319,7,-6,晴,南风,小于3级
2015/2/10,163,93~216,中度污染,122.8,138.3,47.3,2.393,93.7,70,314,8,-1,多云转晴,西南风,小于3级
2015/2/11,62,32~179,良,41,56.1,23,1.011,43.7,88,73,8,-1,多云转晴,西南风,小于3级
2015/2/12,50,29~116,良,31.8,41.6,16.1,0.769,43.6,83,62,8,-5,多云~晴,西南风,小于3级
2015/2/13,157,116~275,中度污染,120.6,131.4,33.5,2.137,83.4,60,281,11,-3,晴转霾,北风,小于3级
2015/2/14,287,232~376,重度污染,236.4,238.6,55.4,3.163,109.3,83,357,10,-1,霾,东北风,小于3级
2015/2/15,335,258~380,严重污染,284.5,307.8,78.2,4.415,113.4,25,360,11,-1,霾转阴,西南风,小于3级转4-5级
2015/2/16,164,38~303,中度污染,121.2,155.8,30.5,2.271,54.1,76,206,12,-1,晴,东北风,3-4级
2015/2/17,43,29~75,优,21.9,41.4,10,0.534,28.3,83,35,10,-1,晴,西南风,小于3级
2015/2/18,68,19~226,良,46,56.5,18.2,0.74,30.5,85,98,9,-3,霾,西南风,小于3级
2015/2/19,266,175~436,重度污染,217.8,248.5,54.7,1.493,41.8,72,346,4,-2,小雪转雨夹雪,西南风,小于3级
2015/2/20,181,141~245,中度污染,138.3,29.2,8.7,1.449,37.8,51,353,7,-1,小雪转雾,南风,小于3级转5-6级
2015/2/21,279,176~500,重度污染,152.4,172.1,8.7,1.632,31.9,77,361,5,-4,晴,西北风,5-6级转4-5级
2015/2/22,199,66~500,中度污染,41.9,277,4,0.395,14.5,70,246,6,-5,晴,暂无实况,小于3级
2015/2/23,94,60~261,良,55.3,113.8,20.6,0.789,33.6,74,212,5,-6,晴转阴,西南风,小于3级
2015/2/24,198,139~267,中度污染,153.1,213,33.9,2.123,58.7,66,352,5,-1,霾转多云,东南风,4-5级
2015/2/25,107,20~274,轻度污染,77,109.5,10,1.062,32.3,85,165,5,-5,晴,东北风,3-4级
2015/2/26,34,27~40,优,12.7,25.7,6,0.379,18.1,82,59,3,-5,晴转多云,东北风,小于3级
2015/2/27,41,25~69,优,23.1,37.1,13.2,0.671,29.7,56,124,3,-2,小雪,南风,小于3级
2015/2/28,163,60~272,中度污染,123.3,126.5,7.9,1.276,40,46,336,10,-3,雾转晴,西北风,3-4级
2015/3/1,74,30~166,良,44.6,90.5,11.5,0.887,39.3,84,201,11,-3,晴转多云,东南风,3-4级转5-6级
2015/3/2,86,37~143,良,53.3,82.4,17.3,1.356,44.5,84,222,4,-2,多云转晴,北风,5-6级
2015/3/3,49,36~80,优,7.6,48.2,2.2,0.283,10.4,82,100,6,-4,晴,北风,3-4级转小于3级
2015/3/4,42,20~96,优,24.5,41.2,12,0.637,31,81,94,8,-5,晴转多云,西南风,小于3级
2015/3/5,144,88~265,轻度污染,110,129.3,46.5,1.559,59,80,353,11,-3,霾转晴,南风,小于3级转3-4级
2015/3/6,246,206~327,重度污染,195,217.3,59.3,2.149,82.1,82,361,11,-2,霾,南风,小于3级
2015/3/7,282,219~331,重度污染,231.4,246.3,41.1,2.388,82.7,112,366,13,0,霾转阴,东风,小于3级转4-5级
2015/3/8,171,28~292,中度污染,128.6,148,21.8,1.425,52.7,86,239,5,-2,晴,北风,4-5级
2015/3/9,40,35~69,优,7.3,27.9,2.8,0.31,14.4,83,58,9,-6,晴,北风,3-4级转小于3级
2015/3/10,48,25~105,优,30,45,12.7,0.753,38.9,93,95,12,-3,晴,东北风,小于3级
2015/3/11,56,23~100,良,36.6,51.9,13.3,0.951,46.1,83,129,12,-4,晴转多云,西南风,小于3级
2015/3/12,84,54~125,良,61.1,78.6,20.7,1.168,59.8,75,193,13,-2,晴,东风,小于3级
2015/3/13,89,29~154,良,63.7,81.6,20.9,1.304,59.6,93,175,13,0,晴转多云,东南风,小于3级
2015/3/14,129,80~200,轻度污染,96.7,119.2,39.6,1.865,83.3,50,261,16,2,多云转晴,东风,小于3级转3-4级
2015/3/15,148,100~206,轻度污染,102.9,198.2,26.2,1.706,72.7,109,288,18,3,阴转霾,南风,小于3级
2015/3/16,255,163~366,重度污染,207.4,294.8,32.8,2.018,85,50,344,15,6,霾转晴,东北风,小于3级
2015/3/17,227,73~363,重度污染,182.7,222,16,1.701,57.4,117,340,15,3,霾,南风,小于3级
2015/3/18,72,54~121,良,47.3,88.5,12.1,0.77,49.8,92,199,21,5,多云转晴,暂无实况,小于3级
2015/3/19,135,97~194,轻度污染,80.7,203.3,10.7,1.087,69.5,87,316,20,5,多云转晴,西风,小于3级
2015/3/20,126,108~179,轻度污染,43.5,199,5.8,0.548,45.8,107,294,19,6,晴,西南风,3-4级转4-5级
2015/3/21,78,49~176,良,18.7,103.4,3.8,0.347,27.6,89,147,13,6,晴转多云,西风,3-4级
2015/3/22,78,37~152,良,20,104,3.8,0.344,20.8,91,156,17,1,晴,西南风,小于3级
2015/3/23,67,27~96,良,34.2,84,6.8,0.694,43.4,103,168,18,3,晴,南风,小于3级
2015/3/24,106,73~186,轻度污染,76.5,122.4,28.9,1.821,67.8,101,285,18,3,晴,东南风,小于3级转3-4级
2015/3/25,163,119~209,中度污染,122.6,158.3,40.8,1.829,78.8,127,356,20,6,晴,西南风,小于3级转3-4级
2015/3/26,140,90~206,轻度污染,105.4,154.7,21.3,1.026,56,154,337,21,8,多云,西南风,小于3级转3-4级
2015/3/27,140,89~202,轻度污染,105.2,146.2,30,1.011,54.6,153,320,22,9,浮尘转多云,西南风,3-4级转4-5级
2015/3/28,188,58~500,中度污染,63.6,276.6,8.1,0.529,33.1,100,269,23,8,晴转多云,西北风,3-4级
2015/3/29,203,58~432,重度污染,74.8,282.3,17.5,1.055,66.8,127,254,23,12,浮尘转霾,南风,小于3级
2015/3/30,220,184~283,重度污染,148.2,337.7,29.2,1.397,62.6,157,353,14,12,小雨,东风,小于3级转3-4级
2015/3/31,200,97~229,中度污染,151.8,191.2,21,2.325,53.8,98,345,14,5,多云转小雨,西风,小于3级
2015/4/1,82,44~116,良,58.6,78.2,4.5,0.721,48.8,83,240,13,3,小到中雨转小雨,西风,小于3级
2015/4/2,55,40~74,良,35.1,18.6,3.6,0.699,25.8,103,171,16,7,晴转多云,西北风,3-4级转小于3级
2015/4/3,50,34~91,良,28.2,40.3,3.6,0.568,26.9,123,117,15,5,多云,西南风,小于3级
2015/4/4,85,49~137,良,62.3,74.9,4.7,0.636,36.1,146,238,17,8,阴转晴,西南风,3-4级转4-5级
2015/4/5,92,39~165,良,53,98.5,2.9,0.462,29.5,94,222,12,4,晴,北风,4-5级转3-4级
2015/4/6,41,34~60,优,20.5,32.4,2.2,0.289,13.5,80,98,14,2,晴,南风,小于3级
2015/4/7,44,26~81,优,23,39.4,3.6,0.348,22.7,94,127,14,3,晴转阴,西南风,小于3级
2015/4/8,127,86~189,轻度污染,95.6,122.7,12.4,0.844,48.8,112,347,17,4,霾转阴,南风,小于3级
2015/4/9,210,174~267,重度污染,161.7,189.9,16.6,1.192,58.9,135,365,20,5,霾,西南风,小于3级
2015/4/10,192,85~264,中度污染,150.1,185.5,9,1.071,61.9,156,344,18,7,霾转阵雨,东风,小于3级
2015/4/11,183,48~265,中度污染,141.4,76.5,16.3,1.747,46.4,150,337,9,5,小到中雨转小雨,西北风,3-4级转4-5级
2015/4/12,40,31~59,优,11.9,26.1,2,0.264,12,88,40,18,5,阵雨转晴,北风,4-5级转3-4级
2015/4/13,53,43~75,良,26.4,38.8,2.8,0.374,22.3,131,100,25,4,晴,西南风,小于3级
2015/4/14,76,60~89,良,54.1,83.8,5.3,0.705,54.4,137,194,26,9,多云转雷阵雨,西南风,小于3级转6-7级
2015/4/15,215,86~500,重度污染,108.7,286,14.1,0.939,70,120,311,20,13,沙尘暴转晴,北风,6-7级转4-5级
2015/4/16,106,42~440,轻度污染,25.7,132,3,0.235,13.4,100,125,24,8,晴转多云,西南风,小于3级
2015/4/17,114,92~154,轻度污染,67.3,173.1,16,0.67,54.8,120,256,17,12,多云转小雨,南风,小于3级
2015/4/18,181,138~238,中度污染,137.7,272.5,26.9,1.497,88.7,116,351,21,11,小雨转多云,西风,3-4级
2015/4/19,94,65~148,良,59.8,132.5,5.6,0.608,29.9,107,279,22,7,晴,南风,小于3级
2015/4/20,93,52~149,良,66.6,112.4,6.7,0.781,43.2,133,291,27,10,晴转多云,西南风,3-4级转4-5级
2015/4/21,101,46~179,轻度污染,62.7,129.1,8,0.642,43.8,116,276,27,9,晴,西风,3-4级
2015/4/22,77,55~93,良,43.2,100.2,8.2,0.61,48.8,154,232,29,15,多云转晴,西南风,3-4级
2015/4/23,84,57~122,良,54.2,107.7,10.6,0.618,49.1,115,212,27,11,晴,东风,3-4级转小于3级
2015/4/24,104,83~120,轻度污染,51.9,155.2,7.3,0.626,47.4,150,289,32,11,晴,西南风,3-4级转小于3级
2015/4/25,109,85~127,轻度污染,71.6,158.2,12.4,0.832,64,187,277,31,15,晴转多云,西南风,3-4级
2015/4/26,145,111~202,轻度污染,98.3,181.8,19.8,0.969,52.8,252,335,29,17,多云转雷阵雨,南风,3-4级转小于3级
2015/4/27,116,60~157,轻度污染,81.2,133.8,12.2,0.899,45.9,214,289,25,15,雷阵雨转阵雨,东北风,小于3级
2015/4/28,64,43~99,良,43.5,68,5.1,0.711,38.8,154,137,27,14,多云转晴,南风,小于3级
2015/4/29,152,117~191,中度污染,115,135.6,10.8,1.324,48,217,341,30,15,晴转多云,西南风,3-4级
2015/4/30,160,113~214,中度污染,114.2,146.1,11.3,1.067,43.4,226,341,25,16,霾转小到中雨,东南风,3-4级
2015/5/1,163,42~246,中度污染,125.4,140.5,12.9,1.062,45.1,122,264,25,14,小雨转多云,东北风,3-4级转小于3级
2015/5/2,67,49~89,良,45.3,68,2.5,0.557,29.7,162,230,25,15,多云转晴,西南风,4-5级
2015/5/3,84,44~185,良,40.3,93.8,2,0.411,23.6,107,193,25,10,晴,西北风,4-5级转3-4级
2015/5/4,57,35~97,良,22.7,64.8,4.5,0.3,20.3,131,144,27,13,晴转多云,西南风,3-4级
2015/5/5,75,45~103,良,43.4,93.7,7.5,0.477,36.9,115,203,22,12,晴转多云,北风,3-4级
2015/5/6,60,38~93,良,19,70.1,3.3,0.308,23.7,112,117,25,11,小雨转晴,西南风,3-4级
2015/5/7,91,74~101,良,41.5,128.8,6.2,0.55,36.6,140,239,25,14,晴~阵雨,西南风,3-4级
2015/5/8,89,59~124,良,52.3,115.2,11.2,1.008,36.8,129,276,22,11,多云~阴,西南风,3-4级
2015/5/9,57,35~120,良,39.2,52,7,1.025,32.6,65,152,16,10,阴~小雨,西南风,3-4级
2015/5/10,50,39~72,良,34.3,34.9,4.4,1.313,45.5,45,112,11,10,中到大雨~阴,西南风,3-4级
2015/5/11,43,30~54,优,24.3,19.7,2.2,0.822,30.2,94,109,20,11,多云,西南风,3-4级
2015/5/12,48,32~93,优,19.5,44.3,2.2,0.51,40.9,109,103,29,11,晴,西南风,3-4级
2015/5/13,95,60~242,良,56.6,133.2,4,0.766,65.7,200,267,30,19,多云~阴,西北风,3-4级
2015/5/14,57,38~148,良,19.5,61.7,4.6,0.347,29.4,118,118,28,15,多云~阴,东北风,3-4级
2015/5/15,48,32~76,优,22.7,47.3,2.7,0.376,25.5,132,118,25,12,多云~晴,西南风,3-4级
2015/5/16,78,44~118,良,46.4,95.9,8,0.672,42.9,198,219,30,16,晴~多云,西南风,3-4级
2015/5/17,168,100~221,中度污染,126.4,182.2,15.2,1.153,42.8,192,345,30,16,雷雨,东北风,3-4级
2015/5/18,97,51~203,良,55.3,92.8,3.3,0.546,32.5,112,225,29,16,晴,西北风,3-4级
2015/5/19,51,37~85,良,11.3,49.1,2,0.266,16.1,96,117,28,17,晴,西北风,3-4级
2015/5/20,46,33~65,优,15.9,37.2,2.5,0.314,22,124,106,30,15,晴,西南风,3-4级
2015/5/21,71,53~100,良,33.3,83.8,5.9,0.51,42.8,168,232,30,16,多云~晴,西南风,3-4级
2015/5/22,104,62~139,轻度污染,52,89.5,11.5,0.759,41.2,225,297,31,17,晴,西南风,3-4级
2015/5/23,143,100~180,轻度污染,94.6,139.2,15.9,0.987,53.1,265,337,32,19,晴~,东南风,3-4级
2015/5/24,170,130~229,中度污染,114.9,164.4,16,1.205,56.1,266,352,33,21,阴,东南风,3-4级
2015/5/25,156,106~204,中度污染,101,165.6,23.8,1.151,46.8,311,332,35,21,晴,西南风,3-4级
2015/5/26,144,106~192,轻度污染,87.2,148.7,18.7,0.915,38.1,293,322,35,21,晴~,西南风,3-4级
2015/5/27,135,104~163,轻度污染,91.8,141,11.3,0.857,33.3,229,310,32,21,多云,东南风,3-4级
2015/5/28,158,114~198,中度污染,116,151.2,23.2,1.16,36.1,215,337,31,21,雷雨,西南风,3-4级
2015/5/29,95,65~116,良,61.4,93.9,5.4,0.8,42.2,169,306,29,18,多云,西南风,3-4级
2015/5/30,95,54~138,良,54.2,90.3,6.3,0.752,39.4,229,303,31,19,阴~晴,东南风,3-4级
2015/5/31,103,67~154,轻度污染,55,101.8,14.7,0.876,43.8,241,290,35,23,晴~多云,西南风,3-4级
2015/6/1,128,99~164,轻度污染,87.6,166,14.1,0.996,46.4,263,316,34,23,多云~阴,东南风,3-4级
2015/6/2,64,38~150,良,29.9,62.7,4.5,0.539,25.7,105,187,33,17,晴,东北风,3-4级
2015/6/3,80,56~163,良,32.2,100.8,6.2,0.517,35.8,147,294,32,22,多云~阴,西南风,3-4级
2015/6/4,81,64~92,良,50.5,89.5,6.6,3.42,54.6,84,301,23,17,雷雨~阴,西南风,3-4级
2015/6/5,72,60~81,良,48.5,51.9,5.2,6.817,45,117,278,32,20,多云~晴,东北风,3-4级
2015/6/6,69,42~90,良,25,61.5,3,5.008,31.7,176,184,32,18,雷雨~阴,东北风,3-4级
2015/6/7,43,29~57,优,13.8,32.1,3.6,2.594,30,91,103,29,17,雷雨~晴,南风,3-4级
2015/6/8,43,25~71,优,18.2,34.8,3.7,0.45,35.2,121,115,32,20,晴~多云,东南风,3-4级
2015/6/9,82,51~135,良,48.6,86.5,14.9,1.071,49.2,239,237,29,22,阵雨~雷雨,东南风,3-4级
2015/6/10,103,74~165,轻度污染,75.2,73.6,4,1.127,33.6,132,299,25,19,雷雨,东北风,3-4级
2015/6/11,43,23~89,优,20.1,25.2,2.5,0.562,21.4,95,101,30,18,多云,南风,3-4级
2015/6/12,36,19~53,优,7.8,22.2,3.2,0.405,21.8,96,49,29,19,多云,西北风,3-4级
2015/6/13,47,34~66,优,11.2,26.9,3,0.443,18.2,128,119,28,17,阵雨~多云,东北风,3-4级
2015/6/14,57,23~100,良,19.1,37,3.3,0.495,29,170,154,32,19,晴,西南风,3-4级
2015/6/15,131,89~167,轻度污染,84.9,120.8,15.1,1.237,39.5,254,335,32,22,多云,西南风,3-4级
2015/6/16,160,115~200,中度污染,104.3,143.6,11.9,1.164,50.2,280,352,32,22,雷雨,西北风,3-4级
2015/6/17,80,49~128,良,42,67.2,2.6,0.756,35.9,178,248,32,20,雷雨~晴,东南风,3-4级
2015/6/18,46,23~71,优,19.1,32.1,2.2,0.48,27.7,107,122,32,19,多云~雷雨,西北风,3-4级
2015/6/19,36,22~53,优,14.1,33.4,2.4,0.498,24.4,88,63,26,17,雷雨~多云,东南风,3-4级
2015/6/20,52,27~104,良,22.6,39.3,2.3,0.621,37,172,138,32,19,晴,西南风,3-4级
2015/6/21,94,66~139,良,41,73.4,4.7,0.616,39.4,215,285,32,21,多云,东南风,3-4级
2015/6/22,137,99~171,轻度污染,89.9,117.2,16.4,1.087,38.4,241,344,31,22,多云~阵雨,西南风,3-4级
2015/6/23,234,154~317,重度污染,181.2,178,15,1.661,39,269,362,29,22,雷雨~阴,西南风,3-4级
2015/6/24,161,128~222,中度污染,121.4,123.2,9.3,1.117,43.1,152,359,29,22,阵雨~阴,东南风,3-4级
2015/6/25,165,126~216,中度污染,124.6,111.4,6.1,1.049,50.5,138,362,28,21,雷雨,西南风,3-4级
2015/6/26,146,111~172,轻度污染,105.9,22.8,2,0.889,24,219,357,28,21,雷雨~阴,西北风,3-4级
2015/6/27,125,46~207,轻度污染,88.5,51.4,4,0.831,32.3,217,303,31,22,阴~多云,东南风,3-4级
2015/6/28,193,132~244,中度污染,147.7,57,7.9,1.216,34.1,230,359,30,24,多云~阴,东南风,3-4级
2015/6/29,154,28~257,中度污染,118,39.1,5,1.095,41.5,112,245,28,21,阵雨,东北风,3-4级
2015/6/30,33,14~53,优,14.6,20.2,2,0.376,26.8,112,79,28,18,阴~晴,西南风,3-4级
2015/7/1,42,26~73,优,17.8,38.3,2.6,0.424,33.7,93,121,33,18,晴,西北风,3-4级
2015/7/2,32,18~47,优,8.3,19.8,4,0.327,27.6,99,51,34,18,多云~晴,东北风,3-4级
2015/7/3,73,40~118,良,24.2,59.5,10.8,0.944,33.7,206,232,33,20,晴~多云,西南风,3-4级
2015/7/4,62,46~93,良,32.5,59,5.8,0.722,44.7,108,216,27,19,阵雨~多云,东北风,3-4级
2015/7/5,106,75~161,轻度污染,62.1,71.4,9.4,0.992,36.5,253,331,30,21,晴,西南风,3-4级
2015/7/6,119,89~157,轻度污染,68.8,75.8,10.1,1.102,33.1,247,343,31,22,多云,东南风,3-4级
2015/7/7,117,76~161,轻度污染,67.3,86.1,7.4,0.884,32.3,239,335,33,22,晴~多云,东南风,3-4级
2015/7/8,175,110~233,中度污染,124.7,132.1,8.1,1.134,34.8,252,353,33,22,霾~晴,东南风,3-4级
2015/7/9,128,92~173,轻度污染,72.3,92.5,10.5,0.827,37,260,338,34,23,多云~阴,西南风,3-4级
2015/7/10,97,61~147,良,49.9,82.1,8.6,0.682,32.2,228,299,32,23,多云~阴,东南风,3-4级
2015/7/11,148,88~192,轻度污染,102.7,125.6,9.9,1.054,34.9,275,352,35,24,多云~晴,东南风,3-4级
2015/7/12,171,118~215,中度污染,107.6,158.4,5.1,0.922,46.1,323,356,38,25,晴,东北风,3-4级
2015/7/13,112,60~177,轻度污染,49.3,83.7,2.7,0.622,43,280,286,40,25,雷雨~晴,西南风,3-4级
2015/7/14,104,62~149,轻度污染,35,65.1,4.4,0.595,30.3,240,268,37,24,雷雨,西北风,3-4级
2015/7/15,63,47~86,良,34.5,61.7,3.1,0.621,46.6,140,190,30,23,雷雨,东北风,3-4级
2015/7/16,55,43~72,良,36.6,47.2,2,0.671,29.1,102,153,28,21,雷阵雨~阵雨,东北风,3-4级
2015/7/17,50,26~98,优,35.1,43,2.4,0.764,31.6,118,126,27,21,雷阵雨~中雨,东北风,3-4级
2015/7/18,71,45~110,良,47.1,30.5,2,0.778,25.8,165,246,27,21,雷阵雨,东北风,3-4级
2015/7/19,91,61~141,良,66.4,32.5,2,0.872,31.7,139,301,27,21,雷阵雨,东北风,3-4级
2015/7/20,112,88~166,轻度污染,84.2,46.7,2,0.89,31.7,166,341,28,21,雷阵雨,东南风,3-4级
2015/7/21,177,74~233,中度污染,135.4,71.4,2,1.071,33.9,169,353,28,22,雷阵雨,西南风,3-4级
2015/7/22,88,25~119,良,63.3,36.6,2.5,0.72,34.6,200,290,30,21,雷阵雨,东北风,3-4级
2015/7/23,57,28~92,良,39.9,38,2,0.784,46.3,176,224,30,21,阴~雷阵雨,南风,3-4级
2015/7/24,71,52~105,良,48.7,74.3,2.6,0.863,47.2,210,285,31,21,雷阵雨~阴,西北风,3-4级
2015/7/25,118,85~165,轻度污染,87.1,102.3,3.2,0.996,39.6,251,347,33,23,多云,西南风,3-4级
2015/7/26,143,98~190,轻度污染,105.9,125,3.8,0.997,32.5,246,349,33,23,多云,东北风,3-4级
2015/7/27,104,39~153,轻度污染,77.5,100.4,2.6,0.908,34.4,235,305,33,23,雷阵雨~中雨,西北风,3-4级
2015/7/28,73,45~111,良,49.9,39.5,2.3,0.765,28.3,222,278,29,22,雷阵雨~中到大雨,东南风,3-4级
2015/7/29,116,68~159,轻度污染,87.3,96.9,2,0.94,36.5,219,348,32,23,雷阵雨~大雨,东南风,3-4级
2015/7/30,62,26~112,良,44.2,49.2,2.4,0.911,27.6,117,228,29,22,雷阵雨,东北风,3-4级
2015/7/31,40,25~62,优,25.2,31.8,2.1,0.657,25.2,158,152,29,22,多云,西北风,3-4级
2015/8/1,91,60~117,良,67.6,79.7,3,1.299,46.9,103,331,31,23,阴~小到中雨,西南风,3-4级
2015/8/2,97,62~137,良,72.3,59.7,2,1.191,27.5,212,327,30,23,多云~阴,东北风,3-4级
2015/8/3,93,16~169,良,67.5,45.5,3.7,1.148,32.2,93,250,30,23,阵雨~多云,西北风,3-4级
2015/8/4,49,14~84,优,18.5,46.9,3.7,0.51,31.9,187,187,33,22,晴~多云,东南风,3-4级
2015/8/5,90,37~127,良,65.9,100.7,3.4,0.993,42.2,192,318,32,22,多云~雷阵雨,东北风,3-4级
2015/8/6,79,29~156,良,55,80,2.3,0.774,29.7,206,214,31,22,多云,东南风,3-4级
2015/8/7,123,33~168,轻度污染,92.5,108.3,3.8,1.083,33.5,192,324,30,23,多云,西南风,3-4级
2015/8/8,60,33~100,良,38.3,53,3.3,0.698,33.2,200,220,32,23,多云,西南风,3-4级
2015/8/9,87,55~126,良,53.7,79.8,2.8,0.791,36.7,251,318,33,22,晴~多云,西南风,3-4级
2015/8/10,72,40~102,良,42.1,71.1,2.3,0.719,39.9,183,304,34,23,晴~多云,东南风,3-4级
2015/8/11,130,93~155,轻度污染,91.3,123.7,6.1,1.421,36.4,290,354,34,23,多云~晴,西南风,3-4级
2015/8/12,117,90~137,轻度污染,79.8,124.6,3.8,1.051,35.7,241,342,36,24,晴,西南风,3-4级
2015/8/13,158,137~190,中度污染,120.2,162.2,7.3,1.248,40.8,315,355,35,24,多云~雷阵雨,西南风,3-4级
2015/8/14,87,32~173,良,60,91.9,3.8,0.817,33.8,123,234,33,22,多云~晴,西南风,3-4级
2015/8/15,52,30~81,良,23.5,51.7,3.5,0.573,36,147,184,35,22,晴,西南风,3-4级
2015/8/16,89,46~158,良,35.6,86.2,5.8,0.718,40.9,316,257,35,24,晴~阴,西南风,3-4级
2015/8/17,117,84~172,轻度污染,79.8,158.9,8.3,1.021,41,227,313,32,23,雷阵雨,西南风,3-4级
2015/8/18,74,40~115,良,49.5,84.3,3.1,0.762,34,188,226,30,20,雷阵雨~中雨,东南风,3-4级
2015/8/19,72,57~89,良,50.9,63.7,2.2,0.757,37.4,191,286,28,20,雷阵雨~多云,南风,3-4级
2015/8/20,55,35~75,良,33.7,54.3,2.3,0.619,26.3,172,231,33,21,晴~多云,东北风,3-4级
2015/8/21,38,20~61,优,13.3,33.2,2.3,0.432,23.8,160,99,34,21,多云,西北风,3-4级
2015/8/22,35,14~80,优,15.3,33,3.4,0.584,21.3,110,77,31,20,阵雨,东北风,3-4级
2015/8/23,38,20~87,优,23.4,34.9,4,0.813,22.8,136,97,29,20,雷阵雨~阴,东北风,3-4级
2015/8/24,29,15~48,优,12.8,23.2,2,0.466,20.9,119,57,30,20,多云,东北风,3-4级
2015/8/25,30,19~44,优,14.3,24.1,2,0.459,23.1,106,51,30,20,多云,西南风,3-4级
2015/8/26,30,19~50,优,11.7,22.4,2,0.436,22.7,121,46,31,21,多云,东北风,3-4级
2015/8/27,29,13~44,优,11.3,26.3,2,0.441,24.3,130,46,31,20,多云,西北风,3-4级
2015/8/28,37,16~74,优,15.7,32.4,3,0.467,25.3,133,91,32,21,阵雨~多云,西南风,3-4级
2015/8/29,55,29~104,良,27,47.9,2.1,0.601,21.5,207,177,30,20,雷阵雨,东南风,3-4级
2015/8/30,41,28~58,优,27.8,37,2.6,0.955,25.1,103,105,27,19,雷阵雨~小到中雨,西风,3-4级
2015/8/31,39,22~57,优,26.5,26.8,2,0.71,25.5,77,105,25,18,小到中雨,东北风,3-4级
2015/9/1,19,13~31,优,10.5,13.8,2,0.525,19.5,68,21,25,18,阵雨~多云,东北风,3-4级
2015/9/2,23,12~33,优,9.4,15.7,2.2,0.436,19.1,93,40,29,18,晴,西南风,3-4级
2015/9/3,33,16~55,优,14.5,26.1,2,0.472,19.5,142,99,31,21,晴~阴,东南风,3-4级
2015/9/4,85,35~500,良,46.8,79.1,2.9,1.499,26.3,90,266,24,19,小到中雨~中到大雨,东南风,3-4级
2015/9/5,28,25~33,优,18,11.7,2,0.668,22.4,91,60,21,18,小雨~阴,西北风,3-4级
2015/9/6,33,18~57,优,17.1,28.6,2.2,0.521,29,129,99,27,16,多云~晴,西南风,3-4级
2015/9/7,45,33~61,优,24.3,42.8,2.3,0.657,37.5,161,147,29,17,晴~多云,西南风,3-4级
2015/9/8,73,62~90,良,50.8,80,6.4,0.875,51.8,175,287,28,18,多云~阴,东北风,3-4级
2015/9/9,50,13~95,良,34.9,51.8,2.8,0.72,42,103,167,25,18,阴,东北风,3-4级
2015/9/10,16,12~28,优,8.3,13.1,2,0.42,28.5,37,12,20,15,小雨,东北风,3-4级
2015/9/11,21,12~45,优,8.3,14.1,2.2,0.384,25.2,76,29,22,15,多云~晴,西南风,3-4级
2015/9/12,25,12~54,优,8.4,19.9,2.3,0.359,26.8,76,53,26,12,晴,西南风,3-4级
2015/9/13,47,26~69,优,19.1,49.8,3.2,0.556,44.5,127,139,28,15,晴~多云,西南风,3-4级
2015/9/14,91,64~135,良,64.9,104.1,10.5,0.868,57.5,177,311,26,14,晴,东南风,3-4级
2015/9/15,137,110~160,轻度污染,104.2,129.7,14.3,1.16,59.8,234,359,26,15,晴,南风,3-4级
2015/9/16,169,129~206,中度污染,127.9,140.2,8.4,1.247,62.5,212,361,27,16,晴~多云,南风,3-4级
2015/9/17,196,153~222,中度污染,148.9,164.9,9.7,1.3,65.7,210,362,27,18,霾~阵雨,西南风,3-4级
2015/9/18,110,35~255,轻度污染,80.4,54.1,3.3,0.91,49.3,112,234,29,16,晴,东北风,3-4级
2015/9/19,35,24~51,优,16.6,34.5,2,0.499,50.4,55,68,28,15,晴,西南风,3-4级
2015/9/20,109,92~134,轻度污染,81.8,101.6,11.9,0.963,43.8,177,335,28,16,多云~晴,西南风,3-4级
2015/9/21,131,108~156,轻度污染,99.2,131.3,16.8,1.22,66.8,210,342,27,18,多云~阴,西南风,3-4级
2015/9/22,181,49~259,中度污染,139.7,135.5,11.3,1.5,62,132,327,25,15,阵雨~多云,东北风,3-4级
2015/9/23,45,25~80,优,30.6,38,2,0.71,44,120,149,28,17,晴~阴,东南风,3-4级
2015/9/24,132,35~251,轻度污染,100.1,108.5,4.3,1.186,55.3,162,296,24,16,阴~雷阵雨,西北风,3-4级
2015/9/25,40,24~61,优,20.8,27.3,2.5,0.554,37.3,79,118,27,13,晴,西北风,3-4级
2015/9/26,57,23~88,良,32.4,68.5,6.3,0.665,47.6,154,207,26,15,晴,西南风,3-4级
2015/9/27,74,37~99,良,49.9,82.8,3.7,0.793,59.1,129,252,28,15,晴~阴,西北风,3-4级
2015/9/28,66,35~102,良,46.8,48.5,3.9,1.203,46.1,80,245,18,14,小雨,东北风,3-4级
2015/9/29,64,33~94,良,46,30.7,2.8,1.155,46,25,229,17,13,小雨~多云,东北风,3-4级
2015/9/30,42,30~54,优,29,16.9,2.4,0.689,38.5,64,141,21,14,阵雨~小到中雨,东南风,3-4级
2015/10/1,31,14~58,优,13.7,22.9,2,0.345,24.1,70,75,22,10,晴,西南风,3-4级
2015/10/2,58,44~89,良,29,66.5,3.4,0.613,46.9,108,150,26,12,晴,西南风,3-4级
2015/10/3,55,20~87,良,26.7,66,3.8,0.664,48.4,104,141,25,12,晴,西南风,3-4级
2015/10/4,142,72~257,轻度污染,108.7,146.8,9.5,1.292,76.1,180,292,25,13,晴,东北风,3-4级
2015/10/5,266,200~354,重度污染,216.4,217.4,9,1.721,80.1,225,356,26,13,晴,西南风,3-4级
2015/10/6,346,298~449,严重污染,293.2,189.7,7.6,1.981,83,248,363,25,15,霾~雾,东南风,3-4级
2015/10/7,316,18~393,严重污染,269.9,96.9,7.5,1.839,78.8,169,338,25,13,霾~晴,东北风,3-4级
2015/10/8,28,15~54,优,10.4,26.3,2.2,0.3,21.3,67,58,19,7,晴,西北风,3-4级
2015/10/9,40,14~61,优,16.6,42.2,2.5,0.382,30.4,70,118,20,8,晴,东北风,3-4级
2015/10/10,22,12~32,优,8.4,21.5,2.1,0.264,15.7,57,35,16,10,晴~多云,西北风,3-4级
2015/10/11,26,16~39,优,10.2,24.8,2.2,0.303,20.1,79,52,22,8,晴,西北风,3-4级
2015/10/12,39,20~67,优,16.8,40.7,3,0.467,46.3,88,72,24,9,晴,西南风,3-4级
2015/10/13,58,23~107,良,32.6,67.8,5.5,0.738,65.7,100,111,26,11,晴~阴,东北风,3-4级
2015/10/14,129,102~175,轻度污染,97.4,135.5,15.5,1.911,93.8,96,288,22,10,多云~晴,东北风,3-4级
2015/10/15,143,113~204,轻度污染,108,132.9,9.1,1.466,91,166,297,25,11,晴,东南风,3-4级
2015/10/16,244,138~357,重度污染,197.7,218.5,12.8,2.007,110.4,210,335,25,13,霾~阴,西北风,3-4级
2015/10/17,345,309~382,严重污染,295.3,181,13.3,2.482,120.4,131,365,23,14,霾~多云,东北风,3-4级
2015/10/18,80,19~329,良,56.3,42,6.9,0.836,44.4,53,154,20,11,晴~多云,西南风,3-4级
2015/10/19,81,42~134,良,54,99.2,6.7,0.818,58.4,66,185,21,12,晴~多云,东北风,3-4级
2015/10/20,103,76~134,轻度污染,75.9,113.3,8.5,1.408,67,26,248,14,10,小雨,东北风,3-4级
2015/10/21,70,50~100,良,50.8,37.6,2.5,0.936,40.8,29,156,12,9,小雨,西南风,3-4级
2015/10/22,46,23~98,优,31,35.5,2.2,0.722,42.8,30,71,11,8,阴,西北风,3-4级
2015/10/23,72,52~114,良,51.9,63.6,2.5,0.844,52.4,63,145,18,8,晴~多云,西南风,3-4级
2015/10/24,79,53~110,良,56.6,75.8,5.7,1.057,52.8,65,190,20,6,晴,西南风,3-4级
2015/10/25,59,47~84,良,36.7,67.5,9.7,0.934,60,31,156,15,9,阴~小雨,西南风,3-4级
2015/10/26,60,40~90,良,29.5,48.4,2.1,0.485,30.7,55,161,15,6,阴~晴,西北风,3-4级
2015/10/27,45,24~67,优,15.4,48.1,2.8,0.463,36.5,58,116,17,4,多云~晴,东北风,3-4级
2015/10/28,22,12~35,优,7.8,20.6,2.8,0.304,24.1,62,15,15,5,晴,西北风,3-4级
2015/10/29,23,14~34,优,7.4,22.2,2.5,0.292,19.4,63,28,12,2,晴,东北风,3-4级
2015/10/30,44,22~74,优,23.5,48.2,3.8,0.614,44.4,55,127,14,1,晴,西南风,3-4级
2015/10/31,61,32~115,良,41.2,69,4.7,0.844,57.2,57,208,16,3,晴~多云,西南风,3-4级
2015/11/1,96,54~149,良,71.4,100,7.2,1.01,77.5,57,271,18,3,晴,西北风,3-4级
2015/11/2,103,62~152,轻度污染,77.1,111.8,7.6,1.36,77.8,66,255,19,5,晴,南风,3-4级
2015/11/3,191,152~255,中度污染,147.2,177.8,15.4,1.918,88.9,101,333,17,6,霾~多云,东南风,3-4级
2015/11/4,254,210~304,重度污染,204.2,215.6,14.1,1.968,107.6,47,361,16,9,霾~小雨,东北风,3-4级
2015/11/5,150,28~297,轻度污染,119,24.6,6.6,1.07,56.5,30,217,11,2,小雨~雨夹雪,东北风,3-4级
2015/11/6,28,20~36,优,19.3,2.3,2.2,0.521,28.5,41,69,3,2,小雪,东北风,3-4级
2015/11/7,27,18~36,优,18.9,9.9,2.2,0.548,28.4,43,56,5,3,阴~小雨,东北风,3-4级
2015/11/8,78,38~127,良,56.9,48,2.8,0.852,45.4,41,210,10,1,阴~晴,东南风,3-4级
2015/11/9,164,124~195,中度污染,124.4,120.3,3.5,1.587,56.8,12,333,9,3,多云~阴,西南风,3-4级
2015/11/10,174,152~201,中度污染,131.2,78.7,3.8,1.566,54.7,5,338,8,4,霾~雾,西南风,3-4级
2015/11/11,139,85~201,轻度污染,105.4,30.3,4.4,1.869,55,18,299,9,5,霾~雾,东南风,3-4级
2015/11/12,197,128~261,中度污染,153.5,88,5.8,2.458,59.4,4,327,8,6,雾~小雨,西南风,3-4级
2015/11/13,257,220~280,重度污染,206.7,156.8,14.4,3.045,69.3,5,359,9,6,霾~阴,东南风,3-4级
2015/11/14,322,273~394,严重污染,272,184.4,17.3,3.57,82.4,16,363,10,6,霾~雾,西南风,3-4级
2015/11/15,254,84~342,重度污染,206,147.5,13.3,3.323,71.1,55,354,13,6,霾~小雨,东南风,3-4级
2015/11/16,79,62~104,良,57.4,43,9.7,1.461,51.8,23,249,10,1,多云,西南风,3-4级
2015/11/17,83,32~117,良,60.9,82.5,7.1,1.533,45.1,29,268,11,2,阴~雨夹雪,西南风,3-4级
2015/11/18,90,62~124,良,66.4,77.5,7.4,1.134,44.8,13,317,6,3,阴,西南风,3-4级
2015/11/19,103,68~124,轻度污染,77.3,19.8,3.5,1.614,45,3,311,5,1,小雨~小雪,东南风,3-4级
2015/11/20,89,57~123,良,65.6,0,8.7,2.336,43.1,3,263,2,0,阴~中雪,东北风,3-4级
2015/11/21,58,40~90,良,41.2,5,7.2,2.136,40.9,5,169,1,-2,雨夹雪~中雪,东北风,3-4级
2015/11/22,71,52~109,良,51.2,1.8,6.9,1.051,38.7,35,274,-1,-4,大雪~小雪,东北风,3-4级
2015/11/23,42,26~66,优,28,18.2,10.3,0.741,28.7,57,148,0,-6,晴~多云,东北风,3-4级
2015/11/24,55,18~109,良,39.4,32.9,7.5,0.952,47.1,46,212,-2,-8,小雪~多云,西南风,3-4级
2015/11/25,72,17~124,良,52.2,16.3,9.8,1.135,39,54,210,-1,-9,多云~晴,西北风,3-4级
2015/11/26,48,15~160,优,32.8,41.1,10.4,0.792,34.5,59,110,0,-8,晴~多云,西南风,3-4级
2015/11/27,256,170~347,重度污染,206.8,189,35.6,2.802,91.6,18,360,0,-5,多云~晴,西南风,3-4级
2015/11/28,310,251~357,严重污染,260.3,249.7,43.1,3.892,102.5,19,361,1,-4,霾,西北风,3-4级
2015/11/29,300,192~367,严重污染,250.2,287.3,40.1,4.874,107.5,31,350,5,-5,霾,东北风,3-4级
2015/11/30,356,74~500,严重污染,334,346.7,22.7,5.752,121.7,11,331,4,-3,霾~雾,东北风,3-4级
2015/12/1,473,374~500,严重污染,477.5,451.4,36.2,8.141,136.5,7,365,2,-3,霾~晴,西南风,3-4级
2015/12/2,32,12~185,优,14.8,22.5,3.7,0.438,18.3,51,43,5,-3,晴,西北风,3-4级
2015/12/3,25,13~45,优,10,24.5,4.6,0.386,15.6,50,33,3,-4,晴,西北风,3-4级
2015/12/4,41,11~132,优,26.9,40.5,10.5,0.798,39.9,55,82,6,-5,晴,西南风,3-4级
2015/12/5,70,34~138,良,49.2,70.5,17.1,1.424,61.3,54,196,7,-4,晴~多云,西南风,3-4级
2015/12/6,166,90~241,中度污染,127.3,150.1,31.2,2.785,86.5,14,314,4,-2,霾~小雪,东北风,3-4级
2015/12/7,229,203~259,重度污染,178.6,197.2,37.5,3.423,93.3,10,335,5,0,霾~雾,东北风,3-4级
2015/12/8,293,248~319,重度污染,243.2,244.3,20,4.376,91.8,9,347,3,1,霾~雨夹雪,东北风,3-4级
2015/12/9,295,261~339,重度污染,245.3,9.9,32.2,3.663,93.9,13,345,5,0,霾~雾,西北风,3-4级
2015/12/10,134,21~312,轻度污染,105.7,3.3,15.8,1.909,53.4,65,175,9,-4,晴,东北风,3-4级
2015/12/11,64,30~140,良,43.6,54.7,14.1,1.317,59,41,146,6,-3,晴~多云,西南风,3-4级
2015/12/12,159,70~309,中度污染,124.9,152.7,22.3,2.7,85,17,283,5,-3,晴~多云,东南风,3-4级
2015/12/13,221,102~344,重度污染,177.3,204.9,39,3.89,97.8,17,325,4,-1,霾~小雪,西南风,3-4级
2015/12/14,206,20~328,重度污染,167.7,47,16.9,2.888,78.8,50,269,7,-2,雾~晴,西北风,3-4级
2015/12/15,17,14~20,优,7.6,11.1,3.6,0.411,15.8,58,6,4,-3,晴,西北风,3-4级
2015/12/16,15,12~19,优,7.1,12.4,4.1,0.444,17.6,45,4,2,-7,晴,东北风,3-4级
2015/12/17,79,20~182,良,57.7,73.9,17.7,1.483,59.9,30,201,4,-6,晴,东北风,3-4级
2015/12/18,84,36~172,良,59.4,85.3,17.3,1.735,63.7,46,174,6,-5,晴,东南风,3-4级
2015/12/19,163,120~216,中度污染,123.5,150.1,29,2.939,86.3,15,306,4,-3,霾,西南风,3-4级
2015/12/20,245,208~321,重度污染,195.3,205,27.4,3.596,100.9,14,335,4,-5,霾~雾,西南风,3-4级
2015/12/21,278,222~382,重度污染,228.2,235.1,22.4,4.081,102.9,16,317,5,-4,霾~雾,东北风,3-4级
2015/12/22,337,213~448,严重污染,294.3,300.8,29.5,5.229,103.4,11,334,4,-5,霾~雾,西北风,3-4级
2015/12/23,316,132~428,严重污染,269.8,297.6,21.1,5.008,105.8,51,312,6,-5,霾~多云,西南风,3-4级
2015/12/24,157,57~433,中度污染,124.2,142.1,17.6,2.362,76.4,56,234,6,-6,晴,西南风,3-4级
2015/12/25,475,445~500,严重污染,476.7,480.8,12.6,7.178,140.2,11,364,1,-4,霾~雾,无持续风向,3-4级
2015/12/26,326,171~473,严重污染,282,380,9.2,5.154,105.8,15,355,3,-6,雾~晴,东南风,3-4级
2015/12/27,64,25~118,良,46.5,31.1,12.2,1.103,52.6,23,154,-2,-7,小雪~晴,东北风,3-4级
2015/12/28,141,98~272,轻度污染,108,118.2,22.3,2.306,77.8,21,282,2,-5,晴~多云,西南风,3-4级
2015/12/29,316,238~472,严重污染,271.3,308.6,34.2,4.293,117.7,12,353,4,-4,霾~晴,东南风,3-4级
2015/12/30,119,20~446,轻度污染,93.9,94.7,12,1.718,58,65,135,5,-6,晴,东北风,3-4级
2015/12/31,88,42~225,良,59.6,86,15.5,1.703,69.7,29,134,4,-6,晴,东北风,3-4级
2016/1/1,216,134~329,重度污染,171,189,33,3.331,104.8,18,305,5,-4,霾,东北风,3-4级
2016/1/2,306,236~447,严重污染,258.7,273.5,35.2,4.516,123,27,344,6,-4,霾~雾,东北风,3-4级
2016/1/3,300,210~465,重度污染,254.6,295.9,20.4,3.64,86.5,31,323,3,-4,霾~多云,西南风,3-4级
2016/1/4,62,18~294,良,46.3,23,6.3,1.015,35.3,64,63,2,-6,多云~晴,西北风,3-4级
2016/1/5,46,13~114,优,31.6,43.2,10.6,0.861,36.2,52,96,1,-7,晴,西南风,3-4级
2016/1/6,46,26~105,优,27.4,49.5,10.6,1,37.1,61,92,3,-6,晴,西北风,3-4级
2016/1/7,21,13~27,优,12.3,20.6,6.4,0.546,27.6,58,11,2,-7,晴,西北风,3-4级
2016/1/8,57,18~148,良,39.4,54.5,14,0.984,46.5,59,93,2,-8,晴,西南风,3-4级
2016/1/9,100,43~208,良,72.3,98.5,22.5,1.842,72.5,32,175,3,-6,晴~多云,西北风,3-4级
2016/1/10,76,28~180,良,51.1,84.5,21.6,1.577,58,43,148,1,-8,多云~晴,东北风,3-4级
2016/1/11,23,17~34,优,11.3,22.1,5.8,0.563,24.6,64,29,-1,-9,晴,东北风,3-4级
2016/1/12,28,15~40,优,13.4,27.3,7.5,0.656,29.3,58,32,0,-8,晴,西北风,3-4级
2016/1/13,43,19~69,优,25.1,45,13.3,0.934,47.2,60,73,2,-7,晴~多云,西南风,3-4级
2016/1/14,94,59~150,良,70,93.8,26.2,1.834,71.7,53,201,3,-7,晴,南风,3-4级
2016/1/15,127,74~250,轻度污染,95.9,122.8,33.7,2.579,83.9,33,244,4,-5,多云~阴,东南风,3-4级
2016/1/16,164,129~255,中度污染,125.3,142.7,44.9,2.556,72.3,21,288,-1,-5,阴~小雪,东南风,3-4级
2016/1/17,61,22~198,良,41.9,42.3,9.5,0.904,30.8,71,102,-2,-10,晴,西北风,3-4级
2016/1/18,42,22~65,优,9.8,43.9,4.2,0.54,17.4,63,78,-4,-12,晴,东北风,3-4级
2016/1/19,82,38~140,良,58,84.3,21.6,1.58,60.4,40,170,-2,-9,晴,东南风,3-4级
2016/1/20,151,119~199,中度污染,114.4,139.5,54.9,3.327,78.4,16,325,-2,-7,多云~霾,东北风,3-4级
2016/1/21,175,144~200,中度污染,132.1,148.2,29,2.769,68.9,17,340,-2,-9,小雪~阴,东南风,3-4级
2016/1/22,45,23~195,优,18.1,36.4,5.5,0.663,18,67,113,-7,-16,多云~晴,西北风,3-4级
2016/1/23,39,16~70,优,9.1,41.5,4,0.607,13.1,63,117,-11,-14,晴,西北风,3-4级
2016/1/24,49,38~57,优,12.1,49.9,6,0.613,22.5,64,127,-3,-11,晴,东南风,3-4级
2016/1/25,47,28~69,优,27.4,47.5,16.4,0.829,42.4,52,84,3,-8,晴,东北风,3-4级
2016/1/26,57,32~132,良,32.1,57.4,17.3,0.767,35.7,64,101,2,-9,晴,东南风,3-4级
2016/1/27,126,59~227,轻度污染,94.6,104.3,36.9,2.112,76.8,35,241,3,-7,晴~多云,东北风,3-4级
2016/1/28,161,85~246,中度污染,123.3,134.1,44.8,2.401,80.9,53,296,4,-7,晴~多云,东南风,3-4级
2016/1/29,88,64~169,良,64.7,83.3,36.3,1.811,56.1,36,219,0,-6,多云~阴,西南风,3-4级
2016/1/30,71,24~113,良,51.4,60.3,22,1.305,49.6,48,178,-3,-10,多云~晴,西北风,3-4级
2016/1/31,30,14~88,优,18,27.8,9.5,0.598,29.3,70,49,1,-9,晴,西南风,3-4级
2016/2/1,24,17~31,优,13.3,22.2,9.1,0.588,31.8,72,46,4,-8,晴,东北风,3-4级
2016/2/2,40,20~97,优,28.3,34.6,15.3,0.895,48,60,60,5,-7,晴,南风,3-4级
2016/2/3,52,30~79,良,35.7,46.8,19.1,1.215,56.5,56,58,7,-5,晴~多云,西北风,3-4级
2016/2/4,25,16~52,优,12.9,23.8,7.8,0.48,23.9,78,13,4,-5,多云,西北风,3-4级
2016/2/5,32,19~52,优,9.8,31.1,5.7,0.373,16.4,78,42,4,-4,晴,东北风,3-4级
2016/2/6,42,18~100,优,28,39.6,12.8,0.729,33.8,82,81,6,-6,晴,东南风,3-4级
2016/2/7,67,44~189,良,42.7,69.3,19.8,0.931,37.2,82,118,8,-4,晴,西南风,3-4级
2016/2/8,201,22~500,重度污染,200.6,262.1,57,1.057,38.5,77,150,12,-3,晴,东北风,3-4级
2016/2/9,57,29~105,良,40.8,48.8,19.2,1.065,39.7,103,102,10,-3,晴~霾,东北风,3-4级
2016/2/10,124,92~211,轻度污染,93.5,96.5,47.8,2.453,63.6,58,274,9,0,晴~阴,东北风,3-4级
2016/2/11,203,166~228,重度污染,154.2,167.4,44.7,3.107,69.7,24,334,6,-1,小雨~阴,东北风,3-4级
2016/2/12,192,69~260,中度污染,147.7,99.4,18.8,2.219,55.8,58,313,10,2,小雨~雨夹雪,东北风,3-4级
2016/2/13,22,17~46,优,10.4,9,5,0.343,12.1,69,24,4,-6,阴~晴,西北风,3-4级
2016/2/14,23,17~33,优,7.4,14.7,3.5,0.348,11,72,42,1,-6,晴,西北风,3-4级
2016/2/15,39,18~83,优,7.5,43.9,3.6,0.33,14,75,144,5,-4,晴,西北风,3-4级
2016/2/16,37,24~56,优,7.4,37.3,5,0.321,16.7,77,101,9,-4,晴,东北风,3-4级
2016/2/17,61,19~100,良,43.5,48.8,15.6,1.045,47,87,188,9,-2,晴,西南风,3-4级
2016/2/18,36,24~80,优,15.8,31.5,5.8,0.43,23.4,88,32,9,-2,晴~阴,东北风,3-4级
2016/2/19,32,20~75,优,15,31.6,5.5,0.514,26.9,84,26,8,-4,多云~晴,东北风,3-4级
2016/2/20,27,17~59,优,14.8,21.2,5.9,0.433,20.2,82,21,4,-6,晴,西南风,3-4级
2016/2/21,103,54~178,轻度污染,77,97.1,25.1,1.433,55.8,69,228,6,-3,晴~多云,东南风,3-4级
2016/2/22,104,36~182,轻度污染,72.2,91.2,17.1,1.169,43,85,210,8,-4,晴,西北风,3-4级
2016/2/23,24,19~35,优,11.2,19.2,5.1,0.357,16.5,84,33,4,-6,晴,东北风,3-4级
2016/2/24,49,23~69,优,26.2,46,9.9,0.764,35.4,84,115,7,-3,晴~多云,西北风,3-4级
2016/2/25,43,26~59,优,24.3,43.8,9.9,0.726,35.7,65,71,6,-5,晴,西北风,3-4级
2016/2/26,52,16~103,良,35.3,56.8,13.3,0.762,39.4,79,125,8,-2,多云~晴,西北风,3-4级
2016/2/27,32,15~62,优,21.2,31,8.9,0.592,35.9,77,34,7,-2,多云~阴,东南风,3-4级
2016/2/28,55,22~98,良,32.3,50.6,7.8,0.794,35,82,121,8,-4,晴,东北风,3-4级
2016/2/29,45,16~97,优,31.9,41.6,11.4,0.672,40.1,66,103,5,-4,晴~多云,西南风,3-4级
2016/3/1,152,99~234,中度污染,115.8,127.1,30,1.872,82.7,61,341,10,-2,晴,东南风,3-4级
2016/3/2,209,130~254,重度污染,162,182,31.6,2.531,108.6,94,348,17,2,晴~多云,东南风,3-4级
2016/3/3,322,209~417,严重污染,273.1,282.2,45.9,3.474,118.7,70,359,16,3,霾~多云,东北风,3-4级
2016/3/4,374,181~418,严重污染,325.5,280.7,48.2,4.438,117.3,45,349,11,5,霾~晴,西北风,3-4级
2016/3/5,206,104~500,重度污染,60.6,306.3,3.1,0.388,21.7,82,265,12,-1,浮尘~晴,东北风,3-4级
2016/3/6,114,61~177,轻度污染,70.5,177.6,26.3,1.499,67.9,39,192,11,-2,多云~晴,南风,3-4级
2016/3/7,69,29~150,良,36.6,91.4,11,0.932,32.1,88,115,12,-1,晴~多云,东北风,3-4级
2016/3/8,26,20~38,优,10.1,24,2.9,0.364,15.3,81,35,6,-2,多云~晴,东北风,3-4级
2016/3/9,26,15~48,优,10.1,22.5,3.7,0.364,16.6,77,60,6,-4,多云~晴,西北风,3-4级
2016/3/10,44,21~70,优,10.7,47.6,3.7,0.359,16.8,79,165,7,-4,晴,西北风,3-4级
2016/3/11,46,22~75,优,21.8,49.5,7.4,0.576,34.1,80,103,8,-2,晴~多云,西南风,3-4级
2016/3/12,141,79~210,轻度污染,106.5,134,39.1,1.778,80.1,52,323,9,2,多云~晴,东北风,3-4级
2016/3/13,52,26~204,良,32.6,48.2,9.8,0.682,34.3,97,96,12,-2,晴,西南风,3-4级
2016/3/14,102,56~135,轻度污染,76,114,20.3,1.295,63.7,100,243,15,3,晴~多云,西南风,3-4级
2016/3/15,178,124~251,中度污染,137.3,189.9,46.9,1.567,77,65,330,14,2,多云~霾,西南风,3-4级
2016/3/16,296,248~368,重度污染,245.7,275.3,38.3,2.221,89.4,158,359,17,6,霾,西南风,3-4级
2016/3/17,335,298~393,严重污染,285.3,288.4,31.3,2.254,100.8,140,356,18,6,霾~雾,南风,3-4级
2016/3/18,228,29~406,重度污染,191.8,131.2,13.3,1.535,69.6,126,246,21,5,霾~多云,东北风,3-4级
2016/3/19,92,29~200,良,63.8,111,17,1.023,43,81,180,16,3,多云,西南风,3-4级
2016/3/20,87,52~129,良,63.8,103,10,0.997,60.9,99,186,17,4,晴,西南风,3-4级
2016/3/21,160,135~203,中度污染,121.4,177.4,20.3,1.236,79.8,136,343,20,7,晴~多云,东南风,3-4级
2016/3/22,156,109~221,中度污染,108,205,25.9,1.403,75.5,60,339,14,5,阴~晴,东南风,3-4级
2016/3/23,38,18~112,优,18.4,41.4,4,0.496,27.2,92,86,15,3,晴,东北风,3-4级
2016/3/24,28,15~55,优,12.5,24,3.2,0.42,30.5,92,42,15,3,晴,西南风,3-4级
2016/3/25,35,18~63,优,16.3,33.1,4.1,0.451,35.6,99,44,15,3,晴,西南风,3-4级
2016/3/26,31,16~56,优,12.5,30.3,4,0.393,27.8,96,22,19,5,晴,西北风,3-4级
2016/3/27,40,22~78,优,15.3,41.5,4.1,0.381,35,112,51,21,5,晴~多云,西南风,3-4级
2016/3/28,143,79~478,轻度污染,73,192.5,16.3,0.82,68.3,88,301,22,8,多云~晴,西北风,3-4级
2016/3/29,59,21~103,良,18.4,72,5,0.39,30.9,103,111,22,7,晴,西南风,3-4级
2016/3/30,56,21~105,良,27.6,71,8.4,0.553,40.3,110,114,22,7,晴,东北风,3-4级
2016/3/31,197,105~291,中度污染,149.9,236,32.8,1.445,74.6,147,344,23,13,晴~阴,西南风,3-4级
2016/4/1,102,22~414,轻度污染,39.4,139.4,6.1,0.422,27,90,169,23,11,晴~多云,东北风,3-4级
2016/4/2,29,19~52,优,8.4,27.8,3,0.247,16.5,91,27,18,8,多云,西北风,3-4级
2016/4/3,47,23~72,优,18.2,50.7,3,0.301,24.9,99,140,19,6,晴,西南风,3-4级
2016/4/4,99,69~147,良,72.3,110.9,11.5,0.606,48.7,140,318,22,8,晴,西南风,3-4级
2016/4/5,151,65~220,中度污染,115,153.2,18.3,0.981,52,168,339,24,11,晴~阴,东北风,3-4级
2016/4/6,175,63~282,中度污染,137.5,170.3,30.7,1.972,68.7,115,322,22,12,阵雨,东北风,3-4级
2016/4/7,134,26~282,轻度污染,89.6,139.2,4.7,1.092,46.6,96,239,24,8,晴,东北风,3-4级
2016/4/8,63,24~127,良,22.2,83.4,4.4,0.357,30.3,104,157,25,10,晴,西南风,3-4级
2016/4/9,165,84~403,中度污染,74.7,242.5,11,0.712,55.6,100,316,26,8,晴,东南风,3-4级
2016/4/10,122,100~157,轻度污染,52.5,193.4,13.5,0.776,42.4,108,320,19,5,晴,东南风,3-4级
2016/4/11,75,63~93,良,40.3,100.2,9.1,0.58,40.6,96,227,17,8,阴~小雨,东北风,3-4级
2016/4/12,103,78~127,轻度污染,77,77.5,6,0.765,57.4,91,297,19,8,多云~晴,西南风,3-4级
2016/4/13,165,54~306,中度污染,123,151.4,6.7,0.981,66.1,128,288,26,11,晴,西北风,3-4级
2016/4/14,72,29~137,良,31.6,96.4,3.1,0.331,26.5,118,171,24,10,晴~多云,西南风,3-4级
2016/4/15,82,51~124,良,57.3,99.3,16.1,1.015,59.8,120,224,23,13,阵雨~小雨,西北风,3-4级
2016/4/16,62,26~193,良,33.9,79.2,2.3,0.345,20.4,81,167,22,11,多云~晴,西北风,3-4级
2016/4/17,35,26~51,优,15.8,32.9,2.2,0.29,15.9,95,68,20,10,晴~阴,西北风,3-4级
2016/4/18,36,21~59,优,18.3,33.7,2.4,0.304,22.7,107,72,21,8,晴~阴,西南风,3-4级
2016/4/19,98,61~127,良,72,101,19.5,1.301,65.4,50,315,15,8,小雨~阴,东北风,3-4级
2016/4/20,91,48~123,良,67.6,87.3,8.5,0.857,42.2,131,301,26,10,晴,西南风,3-4级
2016/4/21,145,83~253,轻度污染,99.6,160.4,7.2,0.977,60.7,139,318,30,15,晴,西北风,3-4级
2016/4/22,78,48~113,良,34.6,106,2,0.241,21.3,111,221,25,11,晴,东北风,3-4级
2016/4/23,49,29~82,优,21.8,54.9,3.2,0.32,29.9,109,150,23,8,晴,西南风,3-4级
2016/4/24,116,72~193,轻度污染,84.4,147.8,22.1,0.891,53.7,185,306,27,17,晴,西南风,3-4级
2016/4/25,120,82~186,轻度污染,88.6,141.9,13.9,0.724,33.8,187,323,29,14,晴~多云,东南风,3-4级
2016/4/26,102,88~124,轻度污染,76.2,126.2,25.6,1.366,43.5,155,323,24,14,多云~阴,东南风,3-4级
2016/4/27,118,100~162,轻度污染,89.4,107.1,9.8,1.082,61.5,104,339,19,12,小雨~阴,西北风,3-4级
2016/4/28,113,64~156,轻度污染,83.6,90.6,7,0.991,50.6,208,318,26,13,多云,东北风,3-4级
2016/4/29,156,54~265,中度污染,119.7,150,16.7,1.31,62.3,227,268,28,15,多云~晴,西北风,3-4级
2016/4/30,207,124~275,重度污染,161.7,179,9.5,1.452,62.5,268,362,31,15,霾~多云,东南风,3-4级
2016/5/1,240,102~292,重度污染,191.6,176.9,24.3,2.26,42.5,283,355,32,18,霾~雷阵雨,西南风,3-4级
2016/5/2,80,52~174,良,50.5,100.5,2.5,0.525,20.1,103,258,18,12,阵雨~多云,东北风,3-4级
2016/5/3,56,29~81,良,23.8,65.2,2.2,0.425,27.8,107,175,27,10,晴,南风,3-4级
2016/5/4,53,38~72,良,28.5,57.8,3.8,0.541,49.5,141,115,28,15,多云~阵雨,东北风,3-4级
2016/5/5,92,40~500,良,53.2,112.1,14.4,0.942,45.7,141,212,27,16,多云~晴,西北风,3-4级
2016/5/6,126,28~500,轻度污染,64.7,196.4,2,0.225,13.3,97,146,25,13,晴,西北风,3-4级
2016/5/7,45,30~73,优,21.8,45,2.8,0.276,26.7,140,131,28,12,晴,西南风,3-4级
2016/5/8,87,61~129,良,60.9,108.1,15.6,0.738,45.5,171,308,27,15,晴~阴,西南风,3-4级
2016/5/9,56,35~74,良,35.6,62.6,4.4,0.523,37.3,92,176,22,12,小雨~多云,东北风,3-4级
2016/5/10,60,39~99,良,40.6,66.4,3.6,0.544,36.9,172,197,28,17,晴~多云,西南风,3-4级
2016/5/11,191,110~234,中度污染,146.3,173.3,12.6,1.086,35.8,188,350,29,19,多云~雷阵雨,西北风,3-4级
2016/5/12,62,17~244,良,38.6,37.3,2.6,0.518,27,91,97,23,9,阴~晴,南风,3-4级
2016/5/13,55,40~64,良,32.3,60.8,5.7,0.602,43.4,146,151,25,13,晴~阵雨,西南风,3-4级
2016/5/14,58,32~89,良,39.1,32.5,2.7,0.533,35.7,96,184,14,11,小雨,西南风,3-4级
2016/5/15,56,22~94,良,35.6,23.9,2.3,0.521,35.8,93,194,25,10,晴,西南风,3-4级
2016/5/16,53,37~67,良,24,55.5,3.2,0.494,44.7,135,143,30,16,晴,西南风,3-4级
2016/5/17,89,63~130,良,56.2,103.4,11,0.613,51,259,280,31,17,晴,西南风,3-4级
2016/5/18,90,72~109,良,59.3,98.3,9,0.537,35,204,281,29,18,晴~多云,西南风,3-4级
2016/5/19,125,99~153,轻度污染,85.8,112,14.9,0.769,38.5,255,343,29,15,晴,西南风,3-4级
2016/5/20,124,72~150,轻度污染,88.5,111.6,20.5,1.077,48.7,266,339,29,16,晴~霾,东南风,3-4级
2016/5/21,103,63~130,轻度污染,69.3,87.3,18.1,0.866,45.7,260,330,30,15,晴~霾,东北风,3-4级
2016/5/22,81,62~116,良,47.8,83.3,7.7,0.674,52.6,232,312,29,18,晴~多云,西南风,3-4级
2016/5/23,89,20~129,良,65.4,93.8,15.5,0.982,48.5,176,287,24,13,阵雨,东北风,3-4级
2016/5/24,44,26~68,优,17.5,40.8,3.1,0.328,22.9,137,117,29,17,晴~阴,西北风,3-4级
2016/5/25,34,24~54,优,11.8,28.2,3.1,0.319,22.7,128,80,28,17,多云~晴,西北风,3-4级
2016/5/26,53,32~97,良,22.3,58.1,2.2,0.333,31,119,182,30,16,晴,西南风,3-4级
2016/5/27,79,55~117,良,48.3,105.3,12.4,0.631,49.5,198,288,31,18,多云~晴,西南风,3-4级
2016/5/28,81,59~107,良,47.1,84.7,9.7,0.644,38.3,214,305,30,17,多云~晴,西南风,3-4级
2016/5/29,62,27~109,良,33,68.9,4.6,0.462,29.7,178,211,31,17,晴,西南风,3-4级
2016/5/30,116,76~165,轻度污染,80.8,145.7,15.8,1.079,51,317,323,34,23,多云~阴,西南风,3-4级
2016/5/31,88,68~128,良,49.4,112.6,11,0.862,36.3,136,283,28,17,多云,东南风,3-4级
